cancer_type,probe,rho,p,n,sig
LUAD,cg05222924,-0.0801222147028222,0.0878017113965502,455,""
LUAD,cg11484872,0.0569279903898464,0.225528336959358,455,""
LUAD,cg25671438,-0.0234861286785862,0.617309486331077,455,""
LUAD,GATA2_meth,-0.0210274851479958,0.654624347798273,455,""
GBM,cg05222924,0.186082629312966,0.186564169161157,52,""
GBM,cg11484872,-0.168794914793002,0.231612792033162,52,""
GBM,cg25671438,0.131061635015724,0.354379596857454,52,""
GBM,GATA2_meth,0.114538873381861,0.418780081872809,52,""
LUSC,cg05222924,0.125978249816342,0.0161798502339595,364,*
LUSC,cg11484872,0.197696525246159,0.000146829719322655,364,***
LUSC,cg25671438,-0.0371765637609313,0.479511471704303,364,""
LUSC,GATA2_meth,0.146929048304887,0.00497195182057103,364,**
PRAD,cg05222924,0.092648020191112,0.0395500646535208,494,*
PRAD,cg11484872,-0.0943528290928445,0.036041164822829,494,*
PRAD,cg25671438,0.132501895762258,0.00317197492282453,494,**
PRAD,GATA2_meth,0.0631815569939352,0.160878234232619,494,""
UCEC,cg05222924,-0.038839971462432,0.427247881669637,420,""
UCEC,cg11484872,0.138325935855055,0.0045105857196054,420,**
UCEC,cg25671438,0.152708568600878,0.00169701662029614,420,**
UCEC,GATA2_meth,0.10345181014328,0.0340480268761949,420,*
BLCA,cg05222924,-0.0498408234496968,0.313464587201582,411,""
BLCA,cg11484872,-0.100210838325844,0.0423043039457135,411,*
BLCA,cg25671438,0.279455966764041,8.24274747774571e-09,411,***
BLCA,GATA2_meth,0.0400584035255238,0.417962483799433,411,""
TGCT,cg05222924,0.597043948097208,2.4205308144096e-16,155,***
TGCT,cg11484872,0.79442340384524,5.95596942261874e-35,155,***
TGCT,cg25671438,0.768473975578748,1.79687625275742e-31,155,***
TGCT,GATA2_meth,0.810187569145138,2.54996383848931e-37,155,***
ESCA,cg05222924,0.0286912843035547,0.700623534524709,182,""
ESCA,cg11484872,0.0164097832042687,0.82597272066935,182,""
ESCA,cg25671438,-0.175225626339367,0.0179828681399661,182,*
ESCA,GATA2_meth,-0.0413514516638435,0.579404270091442,182,""
PAAD,cg05222924,-0.29237398738049,7.85242796564155e-05,177,***
PAAD,cg11484872,0.0593205624778909,0.434180756292437,176,""
PAAD,cg25671438,-0.324443953932909,1.0547502782255e-05,177,***
PAAD,GATA2_meth,-0.285386205894609,0.00011797380110322,177,***
KIRP,cg05222924,-0.216766126366753,0.000324690131602278,271,***
KIRP,cg11484872,-0.183635902483523,0.0024516309632862,270,**
KIRP,cg25671438,-0.0336570996691539,0.581885443561713,270,""
KIRP,GATA2_meth,-0.23866358024781,7.24078760510175e-05,271,***
LIHC,cg05222924,0.261107064981872,3.76922222638433e-07,368,***
LIHC,cg11484872,0.274570350689018,8.67624727433393e-08,368,***
LIHC,cg25671438,-0.179196683214956,0.000552559601421099,368,***
LIHC,GATA2_meth,0.229359311545523,8.81821579793448e-06,368,***
CESC,cg05222924,0.0254024001040274,0.65963267981664,303,""
CESC,cg11484872,0.0315403190077452,0.584457143256682,303,""
CESC,cg25671438,-0.114997396241962,0.045487958767432,303,*
CESC,GATA2_meth,-0.0119807710672736,0.835468295830156,303,""
SARC,cg05222924,0.217630184875912,0.000464825545048519,255,***
SARC,cg11484872,0.322513580132726,2.07256658412454e-07,248,***
SARC,cg25671438,0.179835795367204,0.00396208741314549,255,**
SARC,GATA2_meth,0.327119538069756,9.00119663336342e-08,255,***
BRCA,cg05222924,0.0242933900250109,0.498095531614464,780,""
BRCA,cg11484872,0.197962448472621,2.63021891567023e-08,777,***
BRCA,cg25671438,0.0357906962127822,0.318135592086416,780,""
BRCA,GATA2_meth,0.133504763517348,0.000184491710701538,780,***
THYM,cg05222924,0.112628880513386,0.220660052168245,120,""
THYM,cg11484872,0.340625992852736,0.000140773224929258,120,***
THYM,cg25671438,0.400230194968185,5.92044794867301e-06,120,***
THYM,GATA2_meth,0.468718846307905,6.69354762232882e-08,120,***
MESO,cg05222924,0.188987206011541,0.0795858310646012,87,""
MESO,cg11484872,-0.0129748337296273,0.905056873712186,87,""
MESO,cg25671438,-0.233602291625512,0.02943533537094,87,*
MESO,GATA2_meth,0.0260588138056121,0.81065156838864,87,""
COAD,cg05222924,-0.108723469612386,0.0626312634563522,294,""
COAD,cg11484872,-0.00744114016183045,0.898903041095052,294,""
COAD,cg25671438,-0.211411497471885,0.0002613637531493,294,***
COAD,GATA2_meth,-0.128172484105943,0.0279912439234241,294,*
STAD,cg05222924,-0.0891005582419764,0.0869907326831439,370,""
STAD,cg11484872,0.0148341619002551,0.776110786246029,370,""
STAD,cg25671438,-0.238205753433998,3.59814960969958e-06,370,***
STAD,GATA2_meth,-0.135943533011954,0.00883837341106341,370,**
CHOL,cg05222924,0.287982535030925,0.0885288302024978,36,""
CHOL,cg11484872,-0.11411593412054,0.507521673147966,36,""
CHOL,cg25671438,-0.0532731515763401,0.75764295062068,36,""
CHOL,GATA2_meth,0.0790942763655691,0.646566727597622,36,""
KIRC,cg05222924,-0.214019177657778,0.000132546680574984,314,***
KIRC,cg11484872,0.265537825756066,1.81929534131877e-06,314,***
KIRC,cg25671438,0.302642633302457,4.49357425801624e-08,314,***
KIRC,GATA2_meth,0.127847361428942,0.02346784473547,314,*
THCA,cg05222924,-0.0951599729316378,0.0332143613283189,501,*
THCA,cg11484872,0.156588050922217,0.000435001728829745,501,***
THCA,cg25671438,0.12039629771529,0.00697736688059312,501,**
THCA,GATA2_meth,0.110487637889788,0.0133441230538357,501,*
HNSC,cg05222924,0.0396866473658065,0.368759714328682,515,""
HNSC,cg11484872,0.137769962755512,0.00172524840997124,515,**
HNSC,cg25671438,-0.0851798621389075,0.0533775519575722,515,""
HNSC,GATA2_meth,0.0659085475548115,0.135255876094217,515,""
LAML,cg05222924,0.267073054298713,0.000430431721527818,170,***
LAML,cg11484872,0.0860933083904916,0.264288794544624,170,""
LAML,cg25671438,-0.10005154814024,0.194236546947976,170,""
LAML,GATA2_meth,0.213339108670567,0.00521715036066789,170,**
READ,cg05222924,-0.0508260841717013,0.626613792409032,94,""
READ,cg11484872,-0.00186681439440077,0.985752709190981,94,""
READ,cg25671438,-0.235937966758962,0.0220608346063725,94,*
READ,GATA2_meth,-0.114434629622148,0.272094267186366,94,""
SKCM,cg05222924,0.211263314014138,0.0321804116370901,103,*
SKCM,cg11484872,0.203718504131115,0.0390194405764773,103,*
SKCM,cg25671438,-0.0440325400984315,0.658748327652374,103,""
SKCM,GATA2_meth,0.20772854367042,0.0352468880687144,103,*
LGG,cg05222924,-0.0561143044738032,0.204047996625502,514,""
LGG,cg11484872,0.201467026427896,4.14967688367162e-06,514,***
LGG,cg25671438,0.164158533715152,0.000185446707969651,514,***
LGG,GATA2_meth,0.117295580878631,0.00776790312376441,514,**
DLBC,cg05222924,-0.258192534548992,0.0764217574731578,48,""
DLBC,cg11484872,0.1490673780524,0.311916160589827,48,""
DLBC,cg25671438,0.0600916250632783,0.684948546043375,48,""
DLBC,GATA2_meth,-0.125735177901637,0.394467697392144,48,""
KICH,cg05222924,-0.0601145878330796,0.634298146510116,65,""
KICH,cg11484872,0.125551955110571,0.318986920588109,65,""
KICH,cg25671438,0.251823887502213,0.0430098428517404,65,*
KICH,GATA2_meth,0.170912009647645,0.173437904228698,65,""
UCS,cg05222924,-0.0142725871522846,0.91607928145657,57,""
UCS,cg11484872,-0.329301208685618,0.0123744238095842,57,*
UCS,cg25671438,-0.103177891072159,0.445010381675626,57,""
UCS,GATA2_meth,-0.196811036780489,0.142276525627842,57,""
ACC,cg05222924,0.0502791210154013,0.661994905877243,78,""
ACC,cg11484872,-0.0405668315312011,0.724360325314804,78,""
ACC,cg25671438,-0.436851428607283,6.36808018003722e-05,78,***
ACC,GATA2_meth,-0.0852680188684301,0.457928757777281,78,""
PCPG,cg05222924,-0.32820089494044,6.4682910465082e-06,181,***
PCPG,cg11484872,-0.209476720305793,0.00465240189802935,181,**
PCPG,cg25671438,-0.130472947529055,0.0800037904106164,181,""
PCPG,GATA2_meth,-0.299777080232999,4.13440370568384e-05,181,***
UVM,cg05222924,-0.00880987447084517,0.938178669041269,80,""
UVM,cg11484872,0.0184901330098269,0.870682351528368,80,""
UVM,cg25671438,-0.306143635185366,0.00574869060578342,80,**
UVM,GATA2_meth,-0.103754358253936,0.359731525286782,80,""
