cancer,cell,rho,p,n,sig,cell_label
ACC,B cell naive_CIBERSORT,-0.126321100446675,0.267291656876721,79,"",B cell naive
ACC,B cell memory_CIBERSORT,0.205586426166495,0.0691198761348442,79,"",B cell memory
ACC,B cell plasma_CIBERSORT,-0.110511268887305,0.332264230982699,79,"",B cell plasma
ACC,T cell CD8+_CIBERSORT,0.34848457649715,0.00164778597683811,79,**,T cell CD8+
ACC,T cell CD4+ naive_CIBERSORT,-0.0465142588085299,0.683965017275668,79,"",T cell CD4+ naive
ACC,T cell CD4+ memory resting_CIBERSORT,-0.205963682331485,0.0686001430065503,79,"",T cell CD4+ memory resting
ACC,T cell CD4+ memory activated_CIBERSORT,0.125423914617108,0.27073165169063,79,"",T cell CD4+ memory activated
ACC,T cell follicular helper_CIBERSORT,0.160623453662641,0.157333442746082,79,"",T cell follicular helper
ACC,T cell regulatory (Tregs)_CIBERSORT,0.294501096869846,0.00842452880745038,79,**,T cell regulatory (Tregs)
ACC,T cell gamma delta_CIBERSORT,0.276861162764287,0.0135089448066872,79,*,T cell gamma delta
ACC,NK cell resting_CIBERSORT,-0.215855907783094,0.0560587941814674,79,"",NK cell resting
ACC,NK cell activated_CIBERSORT,0.0588099239510938,0.606672985707843,79,"",NK cell activated
ACC,Monocyte_CIBERSORT,0.00488098788716393,0.965947121571548,79,"",Monocyte
ACC,Macrophage M0_CIBERSORT,0.0590221764158739,0.605372818303098,79,"",Macrophage M0
ACC,Macrophage M1_CIBERSORT,0.393602062884496,0.000332383226821542,79,***,Macrophage M1
ACC,Macrophage M2_CIBERSORT,0.149155265769075,0.189539568426769,79,"",Macrophage M2
ACC,Myeloid dendritic cell resting_CIBERSORT,0.222023680444738,0.0492345810144529,79,*,Myeloid dendritic cell resting
ACC,Myeloid dendritic cell activated_CIBERSORT,-0.42152004698255,0.000109396413399718,79,***,Myeloid dendritic cell activated
ACC,Mast cell activated_CIBERSORT,-0.0393909811282747,0.730344007700672,79,"",Mast cell activated
ACC,Mast cell resting_CIBERSORT,0.153605934404202,0.176517944591124,79,"",Mast cell resting
ACC,Eosinophil_CIBERSORT,-0.234681579902069,0.0373591063966723,79,*,Eosinophil
ACC,Neutrophil_CIBERSORT,-0.157284894875023,0.166257666078685,79,"",Neutrophil
BLCA,B cell naive_CIBERSORT,0.17691804990009,0.000329447514180283,408,***,B cell naive
BLCA,B cell memory_CIBERSORT,-0.0250851753916994,0.613403870801957,408,"",B cell memory
BLCA,B cell plasma_CIBERSORT,0.205061410649032,2.99605371828382e-05,408,***,B cell plasma
BLCA,T cell CD8+_CIBERSORT,-0.0366400656788782,0.460471752039302,408,"",T cell CD8+
BLCA,T cell CD4+ naive_CIBERSORT,0.155745544720517,0.00160206359089467,408,**,T cell CD4+ naive
BLCA,T cell CD4+ memory resting_CIBERSORT,0.0222350307968506,0.654295354731037,408,"",T cell CD4+ memory resting
BLCA,T cell CD4+ memory activated_CIBERSORT,-0.288753202872781,2.82139413184167e-09,408,***,T cell CD4+ memory activated
BLCA,T cell follicular helper_CIBERSORT,0.0386666361589835,0.436025156507168,408,"",T cell follicular helper
BLCA,T cell regulatory (Tregs)_CIBERSORT,0.147145091752683,0.0028890831536232,408,**,T cell regulatory (Tregs)
BLCA,T cell gamma delta_CIBERSORT,0.00189429595966909,0.96957163856196,408,"",T cell gamma delta
BLCA,NK cell resting_CIBERSORT,0.00227712439853138,0.963426139639434,408,"",NK cell resting
BLCA,NK cell activated_CIBERSORT,-0.0988222408476774,0.0460567777837675,408,*,NK cell activated
BLCA,Monocyte_CIBERSORT,0.0869010787356673,0.0795593801512032,408,"",Monocyte
BLCA,Macrophage M0_CIBERSORT,-0.197868049186221,5.713676049225e-05,408,***,Macrophage M0
BLCA,Macrophage M1_CIBERSORT,-0.29826539065248,7.91405732505674e-10,408,***,Macrophage M1
BLCA,Macrophage M2_CIBERSORT,-0.0992544789399635,0.0451085090894218,408,*,Macrophage M2
BLCA,Myeloid dendritic cell resting_CIBERSORT,-0.136869820312698,0.00561947941781842,408,**,Myeloid dendritic cell resting
BLCA,Myeloid dendritic cell activated_CIBERSORT,0.21408726626859,1.29021898903476e-05,408,***,Myeloid dendritic cell activated
BLCA,Mast cell activated_CIBERSORT,0.190060039707348,0.000112228205554439,408,***,Mast cell activated
BLCA,Mast cell resting_CIBERSORT,-0.131548758732704,0.00780076398552428,408,**,Mast cell resting
BLCA,Eosinophil_CIBERSORT,0.0433329609511512,0.382658923645468,408,"",Eosinophil
BLCA,Neutrophil_CIBERSORT,-0.0620969171718948,0.21069516385712,408,"",Neutrophil
BRCA,B cell naive_CIBERSORT,0.0833792623006809,0.00581181187519152,1093,**,B cell naive
BRCA,B cell memory_CIBERSORT,-0.0459553930223744,0.128920054226561,1093,"",B cell memory
BRCA,B cell plasma_CIBERSORT,-0.0017676832904241,0.953450917160993,1093,"",B cell plasma
BRCA,T cell CD8+_CIBERSORT,0.0355877082671472,0.239764612196056,1093,"",T cell CD8+
BRCA,T cell CD4+ naive_CIBERSORT,-0.0297146429816259,0.326358510776903,1093,"",T cell CD4+ naive
BRCA,T cell CD4+ memory resting_CIBERSORT,0.0991819585785455,0.00102578774576279,1093,**,T cell CD4+ memory resting
BRCA,T cell CD4+ memory activated_CIBERSORT,-0.135069260848088,7.4327888189354e-06,1093,***,T cell CD4+ memory activated
BRCA,T cell follicular helper_CIBERSORT,-0.122823975872147,4.67301724357544e-05,1093,***,T cell follicular helper
BRCA,T cell regulatory (Tregs)_CIBERSORT,0.0523556168781281,0.0836103406979935,1093,"",T cell regulatory (Tregs)
BRCA,T cell gamma delta_CIBERSORT,-0.0263354255624888,0.384399723087648,1093,"",T cell gamma delta
BRCA,NK cell resting_CIBERSORT,-0.0779421943033227,0.00994356687678653,1093,**,NK cell resting
BRCA,NK cell activated_CIBERSORT,0.0225557566221916,0.456303619354905,1093,"",NK cell activated
BRCA,Monocyte_CIBERSORT,-0.00372468433574392,0.902107383859048,1093,"",Monocyte
BRCA,Macrophage M0_CIBERSORT,-0.102375160912101,0.000699906555991078,1093,***,Macrophage M0
BRCA,Macrophage M1_CIBERSORT,-0.0765382446582266,0.0113668221296913,1093,*,Macrophage M1
BRCA,Macrophage M2_CIBERSORT,0.0731261585825637,0.0156033897033503,1093,*,Macrophage M2
BRCA,Myeloid dendritic cell resting_CIBERSORT,0.00867010480420609,0.774636231157956,1093,"",Myeloid dendritic cell resting
BRCA,Myeloid dendritic cell activated_CIBERSORT,-0.133041626857097,1.01935015577004e-05,1093,***,Myeloid dendritic cell activated
BRCA,Mast cell activated_CIBERSORT,0.291901769304723,6.53466070005038e-23,1093,***,Mast cell activated
BRCA,Mast cell resting_CIBERSORT,-0.139531676893892,3.64988101969155e-06,1093,***,Mast cell resting
BRCA,Eosinophil_CIBERSORT,-0.0335658269026147,0.267539182032577,1093,"",Eosinophil
BRCA,Neutrophil_CIBERSORT,-0.049098485031734,0.104729696319778,1093,"",Neutrophil
CESC,B cell naive_CIBERSORT,0.0378273538714531,0.511141963536262,304,"",B cell naive
CESC,B cell memory_CIBERSORT,-0.098429197232836,0.0866639325274891,304,"",B cell memory
CESC,B cell plasma_CIBERSORT,0.0950898525717365,0.0979508934600253,304,"",B cell plasma
CESC,T cell CD8+_CIBERSORT,0.0837537386970231,0.145160218873713,304,"",T cell CD8+
CESC,T cell CD4+ naive_CIBERSORT,0.0375700731327139,0.514021634002942,304,"",T cell CD4+ naive
CESC,T cell CD4+ memory resting_CIBERSORT,0.0324580078678074,0.572929824167479,304,"",T cell CD4+ memory resting
CESC,T cell CD4+ memory activated_CIBERSORT,0.0317611448243824,0.581200285065199,304,"",T cell CD4+ memory activated
CESC,T cell follicular helper_CIBERSORT,0.0350565155399909,0.542590475534565,304,"",T cell follicular helper
CESC,T cell regulatory (Tregs)_CIBERSORT,-0.0490924559181899,0.393690139104434,304,"",T cell regulatory (Tregs)
CESC,T cell gamma delta_CIBERSORT,-0.0416288625962823,0.469589315529989,304,"",T cell gamma delta
CESC,NK cell resting_CIBERSORT,-0.0224834307039947,0.696206465996428,304,"",NK cell resting
CESC,NK cell activated_CIBERSORT,0.183744497814918,0.00129115851085121,304,**,NK cell activated
CESC,Monocyte_CIBERSORT,0.00444469797417109,0.938482672710566,304,"",Monocyte
CESC,Macrophage M0_CIBERSORT,-0.107779904766026,0.0605268467108353,304,"",Macrophage M0
CESC,Macrophage M1_CIBERSORT,-0.0527595011611271,0.359277669063963,304,"",Macrophage M1
CESC,Macrophage M2_CIBERSORT,-0.0693538623183424,0.227934494876721,304,"",Macrophage M2
CESC,Myeloid dendritic cell resting_CIBERSORT,-0.0442377717812343,0.442183845941372,304,"",Myeloid dendritic cell resting
CESC,Myeloid dendritic cell activated_CIBERSORT,-0.0680902402175521,0.236540831807595,304,"",Myeloid dendritic cell activated
CESC,Mast cell activated_CIBERSORT,0.0789167959793476,0.169928309880014,304,"",Mast cell activated
CESC,Mast cell resting_CIBERSORT,-0.0062706536282821,0.913295099323619,304,"",Mast cell resting
CESC,Eosinophil_CIBERSORT,-0.13970950045112,0.0147748647685559,304,*,Eosinophil
CESC,Neutrophil_CIBERSORT,0.108032484118175,0.0599228843229236,304,"",Neutrophil
CHOL,B cell naive_CIBERSORT,-0.0294575305415909,0.864582040435148,36,"",B cell naive
CHOL,B cell memory_CIBERSORT,0.042585845280912,0.80521063227733,36,"",B cell memory
CHOL,B cell plasma_CIBERSORT,0.162774880606473,0.342860660920136,36,"",B cell plasma
CHOL,T cell CD8+_CIBERSORT,-0.00321853884340581,0.985136489318539,36,"",T cell CD8+
CHOL,T cell CD4+ naive_CIBERSORT,0.187167902430889,0.274363235415271,36,"",T cell CD4+ naive
CHOL,T cell CD4+ memory resting_CIBERSORT,0.195467422096317,0.253255871532225,36,"",T cell CD4+ memory resting
CHOL,T cell CD4+ memory activated_CIBERSORT,-0.208470321167084,0.222412361282737,36,"",T cell CD4+ memory activated
CHOL,T cell follicular helper_CIBERSORT,0.093595109566241,0.587166922129577,36,"",T cell follicular helper
CHOL,T cell regulatory (Tregs)_CIBERSORT,0.380278076455829,0.0221459843362097,36,*,T cell regulatory (Tregs)
CHOL,T cell gamma delta_CIBERSORT,-0.0269723441312429,0.875914082095883,36,"",T cell gamma delta
CHOL,NK cell resting_CIBERSORT,-0.304830301927697,0.0706484037697945,36,"",NK cell resting
CHOL,NK cell activated_CIBERSORT,0.158125160958022,0.357008127495376,36,"",NK cell activated
CHOL,Monocyte_CIBERSORT,0.272750853961852,0.10752174707119,36,"",Monocyte
CHOL,Macrophage M0_CIBERSORT,-0.00516096767820377,0.976168241678885,36,"",Macrophage M0
CHOL,Macrophage M1_CIBERSORT,0.181244377825897,0.29011001748856,36,"",Macrophage M1
CHOL,Macrophage M2_CIBERSORT,-0.277806394377684,0.100904215523193,36,"",Macrophage M2
CHOL,Myeloid dendritic cell resting_CIBERSORT,0.213333522404062,0.2115667551701,36,"",Myeloid dendritic cell resting
CHOL,Myeloid dendritic cell activated_CIBERSORT,0.253907793794248,0.135098940440988,36,"",Myeloid dendritic cell activated
CHOL,Mast cell activated_CIBERSORT,0.106247675275571,0.537407726209289,36,"",Mast cell activated
CHOL,Mast cell resting_CIBERSORT,-0.135926565815545,0.42926163539916,36,"",Mast cell resting
CHOL,Eosinophil_CIBERSORT,-0.105790553547894,0.53916958977064,36,"",Eosinophil
CHOL,Neutrophil_CIBERSORT,0.0593365056297047,0.731028579085006,36,"",Neutrophil
COAD,B cell naive_CIBERSORT,0.0317100134013416,0.502240410960458,450,"",B cell naive
COAD,B cell memory_CIBERSORT,0.0949227541374677,0.0441607878249853,450,*,B cell memory
COAD,B cell plasma_CIBERSORT,0.017156477419458,0.716636026059248,450,"",B cell plasma
COAD,T cell CD8+_CIBERSORT,-0.00252308570585857,0.957433959979649,450,"",T cell CD8+
COAD,T cell CD4+ naive_CIBERSORT,0.00225537536467832,0.96194678441681,450,"",T cell CD4+ naive
COAD,T cell CD4+ memory resting_CIBERSORT,0.0372048338932394,0.431099717019599,450,"",T cell CD4+ memory resting
COAD,T cell CD4+ memory activated_CIBERSORT,-0.123702281322074,0.00861616775075567,450,**,T cell CD4+ memory activated
COAD,T cell follicular helper_CIBERSORT,-0.0947436452770145,0.0445639973696221,450,*,T cell follicular helper
COAD,T cell regulatory (Tregs)_CIBERSORT,0.220121314858805,2.42378859909111e-06,450,***,T cell regulatory (Tregs)
COAD,T cell gamma delta_CIBERSORT,-0.0990542146374636,0.0356777388704851,450,*,T cell gamma delta
COAD,NK cell resting_CIBERSORT,0.112237148181645,0.0172274307555206,450,*,NK cell resting
COAD,NK cell activated_CIBERSORT,-0.158482718641229,0.00074105279262233,450,***,NK cell activated
COAD,Monocyte_CIBERSORT,0.0946489511643583,0.044778420585929,450,*,Monocyte
COAD,Macrophage M0_CIBERSORT,0.0389852837385047,0.409362361597494,450,"",Macrophage M0
COAD,Macrophage M1_CIBERSORT,-0.133953907755345,0.00441989508418642,450,**,Macrophage M1
COAD,Macrophage M2_CIBERSORT,-0.0256188123230996,0.58779473090636,450,"",Macrophage M2
COAD,Myeloid dendritic cell resting_CIBERSORT,-0.05360271774175,0.256484828129734,450,"",Myeloid dendritic cell resting
COAD,Myeloid dendritic cell activated_CIBERSORT,0.032280974834974,0.494571261764336,450,"",Myeloid dendritic cell activated
COAD,Mast cell activated_CIBERSORT,0.170935549100705,0.000269635277789547,450,***,Mast cell activated
COAD,Mast cell resting_CIBERSORT,-0.0863976912025519,0.0670857017712342,450,"",Mast cell resting
COAD,Eosinophil_CIBERSORT,0.0716963827081413,0.128854477763093,450,"",Eosinophil
COAD,Neutrophil_CIBERSORT,-0.0809891859715173,0.0861471063526626,450,"",Neutrophil
DLBC,B cell naive_CIBERSORT,0.0936672856862589,0.526580516983535,48,"",B cell naive
DLBC,B cell memory_CIBERSORT,-0.237989254553908,0.10333969358959,48,"",B cell memory
DLBC,B cell plasma_CIBERSORT,-0.0543633344829775,0.713631190784454,48,"",B cell plasma
DLBC,T cell CD8+_CIBERSORT,0.169697629957919,0.248871279168773,48,"",T cell CD8+
DLBC,T cell CD4+ naive_CIBERSORT,0.0117582359582392,0.936779070492762,48,"",T cell CD4+ naive
DLBC,T cell CD4+ memory resting_CIBERSORT,0.159171103392762,0.279871297228079,48,"",T cell CD4+ memory resting
DLBC,T cell CD4+ memory activated_CIBERSORT,-0.121062354285556,0.412411914267703,48,"",T cell CD4+ memory activated
DLBC,T cell follicular helper_CIBERSORT,0.287443682222387,0.0475912248396329,48,*,T cell follicular helper
DLBC,T cell regulatory (Tregs)_CIBERSORT,0.0556617245637412,0.707093813185147,48,"",T cell regulatory (Tregs)
DLBC,T cell gamma delta_CIBERSORT,-0.0744280607398204,0.615134048523094,48,"",T cell gamma delta
DLBC,NK cell resting_CIBERSORT,0.101130811547888,0.494011533590798,48,"",NK cell resting
DLBC,NK cell activated_CIBERSORT,0.263252567428104,0.0706334593854852,48,"",NK cell activated
DLBC,Monocyte_CIBERSORT,-0.00831560661321892,0.955266527259998,48,"",Monocyte
DLBC,Macrophage M0_CIBERSORT,0.0503095137632317,0.734171416233605,48,"",Macrophage M0
DLBC,Macrophage M1_CIBERSORT,0.335649534878379,0.0196870298852995,48,*,Macrophage M1
DLBC,Macrophage M2_CIBERSORT,0.154334728717327,0.294929732080159,48,"",Macrophage M2
DLBC,Myeloid dendritic cell resting_CIBERSORT,0.00711542806489803,0.961717642433121,48,"",Myeloid dendritic cell resting
DLBC,Myeloid dendritic cell activated_CIBERSORT,0.0875287015516773,0.55413933562527,48,"",Myeloid dendritic cell activated
DLBC,Mast cell activated_CIBERSORT,-0.20280764685194,0.166827457261519,48,"",Mast cell activated
DLBC,Mast cell resting_CIBERSORT,0.252673118912191,0.0831553079371691,48,"",Mast cell resting
DLBC,Eosinophil_CIBERSORT,-0.115839890517505,0.433009692804009,48,"",Eosinophil
DLBC,Neutrophil_CIBERSORT,-0.0269441722445054,0.855749946004825,48,"",Neutrophil
ESCA,B cell naive_CIBERSORT,0.0931191863835873,0.208661045821774,184,"",B cell naive
ESCA,B cell memory_CIBERSORT,0.0951856318302937,0.198693749625596,184,"",B cell memory
ESCA,B cell plasma_CIBERSORT,0.00163735412332754,0.982401044641244,184,"",B cell plasma
ESCA,T cell CD8+_CIBERSORT,0.0250707890382717,0.735504654740473,184,"",T cell CD8+
ESCA,T cell CD4+ naive_CIBERSORT,0.0342663985498645,0.644239027807323,184,"",T cell CD4+ naive
ESCA,T cell CD4+ memory resting_CIBERSORT,0.023444987599746,0.752078831221234,184,"",T cell CD4+ memory resting
ESCA,T cell CD4+ memory activated_CIBERSORT,0.00676652297383946,0.927364564586685,184,"",T cell CD4+ memory activated
ESCA,T cell follicular helper_CIBERSORT,-0.145328983631922,0.0490258604864225,184,*,T cell follicular helper
ESCA,T cell regulatory (Tregs)_CIBERSORT,0.109393057603638,0.139352331516615,184,"",T cell regulatory (Tregs)
ESCA,T cell gamma delta_CIBERSORT,0.00343692700691506,0.963068612228574,184,"",T cell gamma delta
ESCA,NK cell resting_CIBERSORT,-0.126296624803084,0.0875726631034597,184,"",NK cell resting
ESCA,NK cell activated_CIBERSORT,0.0224349805374534,0.762433261068108,184,"",NK cell activated
ESCA,Monocyte_CIBERSORT,-0.0793565197775798,0.284260206327532,184,"",Monocyte
ESCA,Macrophage M0_CIBERSORT,-0.0732900733451077,0.322804890173423,184,"",Macrophage M0
ESCA,Macrophage M1_CIBERSORT,0.0209922045439517,0.777297375478912,184,"",Macrophage M1
ESCA,Macrophage M2_CIBERSORT,0.161374619173707,0.0286376929257957,184,*,Macrophage M2
ESCA,Myeloid dendritic cell resting_CIBERSORT,-0.0944444371843938,0.202228349097335,184,"",Myeloid dendritic cell resting
ESCA,Myeloid dendritic cell activated_CIBERSORT,-0.00556775309122541,0.940206300836083,184,"",Myeloid dendritic cell activated
ESCA,Mast cell activated_CIBERSORT,0.230644143215859,0.00163344383364568,184,**,Mast cell activated
ESCA,Mast cell resting_CIBERSORT,-0.119623378302049,0.105790771041633,184,"",Mast cell resting
ESCA,Eosinophil_CIBERSORT,-0.229561103441759,0.00172048732918524,184,**,Eosinophil
ESCA,Neutrophil_CIBERSORT,0.0190089596556736,0.797861252626605,184,"",Neutrophil
GBM,B cell naive_CIBERSORT,0.217138328222191,0.0066490897211501,155,**,B cell naive
GBM,B cell memory_CIBERSORT,-0.195314950738117,0.0148723788948841,155,*,B cell memory
GBM,B cell plasma_CIBERSORT,0.164588983341052,0.0407064202331291,155,*,B cell plasma
GBM,T cell CD8+_CIBERSORT,-0.0761850423354669,0.346096077833049,155,"",T cell CD8+
GBM,T cell CD4+ naive_CIBERSORT,0.118312163441005,0.142592122726456,155,"",T cell CD4+ naive
GBM,T cell CD4+ memory resting_CIBERSORT,-0.209730932626634,0.00881388547770153,155,**,T cell CD4+ memory resting
GBM,T cell CD4+ memory activated_CIBERSORT,0.0142457226452344,0.860348071052868,155,"",T cell CD4+ memory activated
GBM,T cell follicular helper_CIBERSORT,0.0496893109072791,0.539216087758392,155,"",T cell follicular helper
GBM,T cell regulatory (Tregs)_CIBERSORT,-0.142311196629789,0.0773253652851488,155,"",T cell regulatory (Tregs)
GBM,T cell gamma delta_CIBERSORT,0.030316305486902,0.708057742298822,155,"",T cell gamma delta
GBM,NK cell resting_CIBERSORT,-0.188805421014572,0.0186335172737144,155,*,NK cell resting
GBM,NK cell activated_CIBERSORT,0.0479948391775805,0.553157015243493,155,"",NK cell activated
GBM,Monocyte_CIBERSORT,-0.00946433492114103,0.906956060498084,155,"",Monocyte
GBM,Macrophage M0_CIBERSORT,-0.138253885958225,0.0862421124841733,155,"",Macrophage M0
GBM,Macrophage M1_CIBERSORT,0.0420972275132464,0.602997727126855,155,"",Macrophage M1
GBM,Macrophage M2_CIBERSORT,0.18321280451926,0.0224971574607889,155,*,Macrophage M2
GBM,Myeloid dendritic cell resting_CIBERSORT,0.0104409827450426,0.897404739147066,155,"",Myeloid dendritic cell resting
GBM,Myeloid dendritic cell activated_CIBERSORT,-0.22345120205206,0.00519230451436101,155,**,Myeloid dendritic cell activated
GBM,Mast cell activated_CIBERSORT,0.0680058152772985,0.400467783372874,155,"",Mast cell activated
GBM,Mast cell resting_CIBERSORT,0.0317004738644229,0.695374861613806,155,"",Mast cell resting
GBM,Eosinophil_CIBERSORT,0.106313618331107,0.187967865407288,155,"",Eosinophil
GBM,Neutrophil_CIBERSORT,-0.0532105991035542,0.510814292467629,155,"",Neutrophil
HNSC,B cell naive_CIBERSORT,-0.0303602891884341,0.489682252397744,520,"",B cell naive
HNSC,B cell memory_CIBERSORT,-0.0121762080959624,0.781778307867898,520,"",B cell memory
HNSC,B cell plasma_CIBERSORT,0.0871630865868074,0.0469641629251368,520,*,B cell plasma
HNSC,T cell CD8+_CIBERSORT,-0.0837361304180967,0.0563608752182241,520,"",T cell CD8+
HNSC,T cell CD4+ naive_CIBERSORT,-0.0365567329289125,0.405468926081705,520,"",T cell CD4+ naive
HNSC,T cell CD4+ memory resting_CIBERSORT,0.0586047069939546,0.182097723555801,520,"",T cell CD4+ memory resting
HNSC,T cell CD4+ memory activated_CIBERSORT,-0.0472607702852239,0.282052938855036,520,"",T cell CD4+ memory activated
HNSC,T cell follicular helper_CIBERSORT,-0.0973666507755769,0.0264027753876182,520,*,T cell follicular helper
HNSC,T cell regulatory (Tregs)_CIBERSORT,0.0491682816948389,0.26305988821676,520,"",T cell regulatory (Tregs)
HNSC,T cell gamma delta_CIBERSORT,0.00581976214138761,0.89467365170286,520,"",T cell gamma delta
HNSC,NK cell resting_CIBERSORT,0.0129698019057024,0.767949835292867,520,"",NK cell resting
HNSC,NK cell activated_CIBERSORT,-0.119691910108148,0.00628257050759231,520,**,NK cell activated
HNSC,Monocyte_CIBERSORT,0.0319161134506477,0.46769598461529,520,"",Monocyte
HNSC,Macrophage M0_CIBERSORT,0.0156447086441991,0.721902351651958,520,"",Macrophage M0
HNSC,Macrophage M1_CIBERSORT,-0.0731417862125824,0.0956919649430346,520,"",Macrophage M1
HNSC,Macrophage M2_CIBERSORT,0.141870892994919,0.00117950498559942,520,**,Macrophage M2
HNSC,Myeloid dendritic cell resting_CIBERSORT,-0.103111446597587,0.0186769821742009,520,*,Myeloid dendritic cell resting
HNSC,Myeloid dendritic cell activated_CIBERSORT,0.0564889312869736,0.198417594398291,520,"",Myeloid dendritic cell activated
HNSC,Mast cell activated_CIBERSORT,0.12220705308544,0.00526251673975572,520,**,Mast cell activated
HNSC,Mast cell resting_CIBERSORT,-0.0672202593244194,0.125793899196097,520,"",Mast cell resting
HNSC,Eosinophil_CIBERSORT,0.0172760506320067,0.694293006260326,520,"",Eosinophil
HNSC,Neutrophil_CIBERSORT,0.0616019571089454,0.160708508249903,520,"",Neutrophil
KICH,B cell naive_CIBERSORT,0.178994445236685,0.15042950512087,66,"",B cell naive
KICH,B cell memory_CIBERSORT,-0.0865942661279178,0.489343080949216,66,"",B cell memory
KICH,B cell plasma_CIBERSORT,0.394949811215404,0.00103147010397739,66,**,B cell plasma
KICH,T cell CD8+_CIBERSORT,-0.197486594619432,0.111963001213894,66,"",T cell CD8+
KICH,T cell CD4+ naive_CIBERSORT,0.169835868737673,0.172782276143325,66,"",T cell CD4+ naive
KICH,T cell CD4+ memory resting_CIBERSORT,-0.341249791288675,0.00504634752592488,66,**,T cell CD4+ memory resting
KICH,T cell CD4+ memory activated_CIBERSORT,-0.179064223952615,0.150267892087265,66,"",T cell CD4+ memory activated
KICH,T cell follicular helper_CIBERSORT,0.160410055154388,0.198223907030391,66,"",T cell follicular helper
KICH,T cell regulatory (Tregs)_CIBERSORT,-0.00159596137176656,0.989852837864688,66,"",T cell regulatory (Tregs)
KICH,T cell gamma delta_CIBERSORT,-0.0501741086942053,0.689097328605618,66,"",T cell gamma delta
KICH,NK cell resting_CIBERSORT,0.237963000305631,0.0543520344326086,66,"",NK cell resting
KICH,NK cell activated_CIBERSORT,0.0787674452264994,0.52957092774597,66,"",NK cell activated
KICH,Monocyte_CIBERSORT,-0.311447003340452,0.0109115927167639,66,*,Monocyte
KICH,Macrophage M0_CIBERSORT,0.358687403094294,0.00310242933516123,66,**,Macrophage M0
KICH,Macrophage M1_CIBERSORT,0.0641702856328272,0.608728521755585,66,"",Macrophage M1
KICH,Macrophage M2_CIBERSORT,0.021669693818899,0.862885652384737,66,"",Macrophage M2
KICH,Myeloid dendritic cell resting_CIBERSORT,0.0920234961648057,0.462412782767378,66,"",Myeloid dendritic cell resting
KICH,Myeloid dendritic cell activated_CIBERSORT,0.161376891398087,0.195497562447636,66,"",Myeloid dendritic cell activated
KICH,Mast cell activated_CIBERSORT,0.0192505338446713,0.878068553895258,66,"",Mast cell activated
KICH,Mast cell resting_CIBERSORT,-0.177650659490915,0.153567108069297,66,"",Mast cell resting
KICH,Eosinophil_CIBERSORT,-0.126563592384559,0.311231590809819,66,"",Eosinophil
KICH,Neutrophil_CIBERSORT,-0.258014400838796,0.0364719372960376,66,*,Neutrophil
KIRC,B cell naive_CIBERSORT,0.18829432214397,1.18552940973619e-05,534,***,B cell naive
KIRC,B cell memory_CIBERSORT,-0.102815519444633,0.0174711285118482,534,*,B cell memory
KIRC,B cell plasma_CIBERSORT,0.0997565943805938,0.0211346217243707,534,*,B cell plasma
KIRC,T cell CD8+_CIBERSORT,-0.0941502590491404,0.0296000506646813,534,*,T cell CD8+
KIRC,T cell CD4+ naive_CIBERSORT,-0.0386362190993777,0.372895218508632,534,"",T cell CD4+ naive
KIRC,T cell CD4+ memory resting_CIBERSORT,0.125120283995686,0.00378015971916342,534,**,T cell CD4+ memory resting
KIRC,T cell CD4+ memory activated_CIBERSORT,-0.141913860387525,0.00100765487462528,534,**,T cell CD4+ memory activated
KIRC,T cell follicular helper_CIBERSORT,-0.118056754253226,0.00630904363591586,534,**,T cell follicular helper
KIRC,T cell regulatory (Tregs)_CIBERSORT,-0.153061497753288,0.000385727014398638,534,***,T cell regulatory (Tregs)
KIRC,T cell gamma delta_CIBERSORT,-0.172841843181157,5.94451863190974e-05,534,***,T cell gamma delta
KIRC,NK cell resting_CIBERSORT,0.235994188279655,3.41288442302427e-08,534,***,NK cell resting
KIRC,NK cell activated_CIBERSORT,0.0097952642474519,0.821334989176428,534,"",NK cell activated
KIRC,Monocyte_CIBERSORT,0.135594847985896,0.0016862585288255,534,**,Monocyte
KIRC,Macrophage M0_CIBERSORT,-0.127718991791762,0.00311064092085285,534,**,Macrophage M0
KIRC,Macrophage M1_CIBERSORT,-0.071079677657481,0.100845743271541,534,"",Macrophage M1
KIRC,Macrophage M2_CIBERSORT,-0.000681207083400561,0.987469940144749,534,"",Macrophage M2
KIRC,Myeloid dendritic cell resting_CIBERSORT,-0.215311320139516,5.09024098663782e-07,534,***,Myeloid dendritic cell resting
KIRC,Myeloid dendritic cell activated_CIBERSORT,0.0789609572465759,0.0682676181071383,534,"",Myeloid dendritic cell activated
KIRC,Mast cell activated_CIBERSORT,0.306600724780683,4.36800437230831e-13,534,***,Mast cell activated
KIRC,Mast cell resting_CIBERSORT,-0.0686693947038538,0.112967370921056,534,"",Mast cell resting
KIRC,Eosinophil_CIBERSORT,-0.0411784947221002,0.342242454651753,534,"",Eosinophil
KIRC,Neutrophil_CIBERSORT,-0.191925707333258,7.9584892329957e-06,534,***,Neutrophil
KIRP,B cell naive_CIBERSORT,0.0313013156609254,0.594869657900325,291,"",B cell naive
KIRP,B cell memory_CIBERSORT,-0.0438361134855419,0.456315411090687,291,"",B cell memory
KIRP,B cell plasma_CIBERSORT,0.0875745885051898,0.136133433716828,291,"",B cell plasma
KIRP,T cell CD8+_CIBERSORT,0.125617966067076,0.0321813090303189,291,*,T cell CD8+
KIRP,T cell CD4+ naive_CIBERSORT,0.121011163676125,0.039112802582208,291,*,T cell CD4+ naive
KIRP,T cell CD4+ memory resting_CIBERSORT,0.034942361314896,0.552720915764744,291,"",T cell CD4+ memory resting
KIRP,T cell CD4+ memory activated_CIBERSORT,0.104792449598754,0.0742858918375752,291,"",T cell CD4+ memory activated
KIRP,T cell follicular helper_CIBERSORT,0.0967842379457802,0.0993978564180544,291,"",T cell follicular helper
KIRP,T cell regulatory (Tregs)_CIBERSORT,0.0637832887622005,0.278150718160326,291,"",T cell regulatory (Tregs)
KIRP,T cell gamma delta_CIBERSORT,0.0211108661036251,0.719883589803177,291,"",T cell gamma delta
KIRP,NK cell resting_CIBERSORT,0.0246530598780295,0.675359896955564,291,"",NK cell resting
KIRP,NK cell activated_CIBERSORT,-0.0247709206927973,0.67389666711055,291,"",NK cell activated
KIRP,Monocyte_CIBERSORT,-0.0350974538935656,0.550958424740061,291,"",Monocyte
KIRP,Macrophage M0_CIBERSORT,-0.117328015144956,0.0455258027798267,291,*,Macrophage M0
KIRP,Macrophage M1_CIBERSORT,0.0206742259313616,0.725441698624644,291,"",Macrophage M1
KIRP,Macrophage M2_CIBERSORT,-0.245507236791187,2.28544082585829e-05,291,***,Macrophage M2
KIRP,Myeloid dendritic cell resting_CIBERSORT,0.108485777833012,0.0645847524753142,291,"",Myeloid dendritic cell resting
KIRP,Myeloid dendritic cell activated_CIBERSORT,0.0943869064614844,0.108102855806642,291,"",Myeloid dendritic cell activated
KIRP,Mast cell activated_CIBERSORT,0.313252169144349,4.79685227080131e-08,291,***,Mast cell activated
KIRP,Mast cell resting_CIBERSORT,-0.0922953862931292,0.11617803823247,291,"",Mast cell resting
KIRP,Eosinophil_CIBERSORT,-0.0551220424373419,0.34877037364449,291,"",Eosinophil
KIRP,Neutrophil_CIBERSORT,0.0643797211106822,0.273672250427753,291,"",Neutrophil
LAML,B cell naive_CIBERSORT,0.0585215994141658,0.444386465843172,173,"",B cell naive
LAML,B cell memory_CIBERSORT,0.0859761497369389,0.260705353085229,173,"",B cell memory
LAML,B cell plasma_CIBERSORT,0.115126157080321,0.131480286839288,173,"",B cell plasma
LAML,T cell CD8+_CIBERSORT,0.351271552328326,2.15144806137343e-06,173,***,T cell CD8+
LAML,T cell CD4+ naive_CIBERSORT,-0.192963379054906,0.0109720137767507,173,*,T cell CD4+ naive
LAML,T cell CD4+ memory resting_CIBERSORT,0.293058847668317,9.11921353220437e-05,173,***,T cell CD4+ memory resting
LAML,T cell CD4+ memory activated_CIBERSORT,-0.196896623738309,0.00941887445747311,173,**,T cell CD4+ memory activated
LAML,T cell follicular helper_CIBERSORT,0.0384085594596248,0.615872558550827,173,"",T cell follicular helper
LAML,T cell regulatory (Tregs)_CIBERSORT,0.133296043655861,0.0804058699736305,173,"",T cell regulatory (Tregs)
LAML,T cell gamma delta_CIBERSORT,-0.0912520518020228,0.232468161278891,173,"",T cell gamma delta
LAML,NK cell resting_CIBERSORT,0.187543747439644,0.013479827698971,173,*,NK cell resting
LAML,NK cell activated_CIBERSORT,0.193619442532594,0.0106982370204138,173,*,NK cell activated
LAML,Monocyte_CIBERSORT,-0.556029018163132,1.99801324492636e-15,173,***,Monocyte
LAML,Macrophage M0_CIBERSORT,-0.0399352939878415,0.60190220279543,173,"",Macrophage M0
LAML,Macrophage M1_CIBERSORT,0.0522657447437964,0.494649931110721,173,"",Macrophage M1
LAML,Macrophage M2_CIBERSORT,-0.411291203997522,1.89587124340512e-08,173,***,Macrophage M2
LAML,Myeloid dendritic cell resting_CIBERSORT,-0.0636870034126475,0.405158101260212,173,"",Myeloid dendritic cell resting
LAML,Myeloid dendritic cell activated_CIBERSORT,0.00283739827565134,0.970445404943954,173,"",Myeloid dendritic cell activated
LAML,Mast cell activated_CIBERSORT,0.555073579079227,2.28210484624774e-15,173,***,Mast cell activated
LAML,Mast cell resting_CIBERSORT,0.262479575029835,0.000485330402253869,173,***,Mast cell resting
LAML,Eosinophil_CIBERSORT,0.3366937945334,5.91616980178267e-06,173,***,Eosinophil
LAML,Neutrophil_CIBERSORT,0.0395538057990624,0.605379718273975,173,"",Neutrophil
LGG,B cell naive_CIBERSORT,0.0250706420274684,0.569896662194565,516,"",B cell naive
LGG,B cell memory_CIBERSORT,-0.0546530921431601,0.215199159629457,516,"",B cell memory
LGG,B cell plasma_CIBERSORT,-0.0375817633578625,0.394256176463562,516,"",B cell plasma
LGG,T cell CD8+_CIBERSORT,-0.111727553901485,0.0110927462169544,516,*,T cell CD8+
LGG,T cell CD4+ naive_CIBERSORT,0.0433095301231748,0.326159826957828,516,"",T cell CD4+ naive
LGG,T cell CD4+ memory resting_CIBERSORT,-0.0254796100999429,0.563618231542761,516,"",T cell CD4+ memory resting
LGG,T cell CD4+ memory activated_CIBERSORT,0.0847846480298876,0.0542627667224809,516,"",T cell CD4+ memory activated
LGG,T cell follicular helper_CIBERSORT,-0.0320520412524892,0.467530248528601,516,"",T cell follicular helper
LGG,T cell regulatory (Tregs)_CIBERSORT,0.018809823968713,0.669904882744927,516,"",T cell regulatory (Tregs)
LGG,T cell gamma delta_CIBERSORT,0.0366263256001768,0.406396856924923,516,"",T cell gamma delta
LGG,NK cell resting_CIBERSORT,-0.0566594205422422,0.198804273322182,516,"",NK cell resting
LGG,NK cell activated_CIBERSORT,0.0110754538241184,0.801826862730076,516,"",NK cell activated
LGG,Monocyte_CIBERSORT,0.0477494820838645,0.278965203101314,516,"",Monocyte
LGG,Macrophage M0_CIBERSORT,-0.0312559565654531,0.478665804419872,516,"",Macrophage M0
LGG,Macrophage M1_CIBERSORT,-0.0674961145992316,0.125708791716557,516,"",Macrophage M1
LGG,Macrophage M2_CIBERSORT,0.0578182434240798,0.189759813175993,516,"",Macrophage M2
LGG,Myeloid dendritic cell resting_CIBERSORT,0.0036646726503071,0.933816749227474,516,"",Myeloid dendritic cell resting
LGG,Myeloid dendritic cell activated_CIBERSORT,-0.0139049212742926,0.752679417997072,516,"",Myeloid dendritic cell activated
LGG,Mast cell activated_CIBERSORT,-0.110044797784684,0.0123746825556727,516,*,Mast cell activated
LGG,Mast cell resting_CIBERSORT,0.0901515593644682,0.0406528622897755,516,*,Mast cell resting
LGG,Eosinophil_CIBERSORT,-0.0376688966699043,0.3931599752972,516,"",Eosinophil
LGG,Neutrophil_CIBERSORT,0.0654209803897019,0.137791638123747,516,"",Neutrophil
LIHC,B cell naive_CIBERSORT,0.0146352374111838,0.778742327151265,371,"",B cell naive
LIHC,B cell memory_CIBERSORT,0.130280383807178,0.0120177537814068,371,*,B cell memory
LIHC,B cell plasma_CIBERSORT,-0.0781069046502087,0.133184068424019,371,"",B cell plasma
LIHC,T cell CD8+_CIBERSORT,-0.0385661987532995,0.458932184056733,371,"",T cell CD8+
LIHC,T cell CD4+ naive_CIBERSORT,-0.0642537264349216,0.216936943861924,371,"",T cell CD4+ naive
LIHC,T cell CD4+ memory resting_CIBERSORT,0.196810343719636,0.00013594906022661,371,***,T cell CD4+ memory resting
LIHC,T cell CD4+ memory activated_CIBERSORT,-0.163302976789451,0.00159929572801877,371,**,T cell CD4+ memory activated
LIHC,T cell follicular helper_CIBERSORT,-0.158806210287956,0.0021550131100502,371,**,T cell follicular helper
LIHC,T cell regulatory (Tregs)_CIBERSORT,-0.0304754393219094,0.558444495726696,371,"",T cell regulatory (Tregs)
LIHC,T cell gamma delta_CIBERSORT,-0.0557960369308565,0.283757682579442,371,"",T cell gamma delta
LIHC,NK cell resting_CIBERSORT,-0.0688945577220976,0.185470284945018,371,"",NK cell resting
LIHC,NK cell activated_CIBERSORT,-0.0045587322170609,0.930264919657267,371,"",NK cell activated
LIHC,Monocyte_CIBERSORT,0.00208523460374235,0.968070035498281,371,"",Monocyte
LIHC,Macrophage M0_CIBERSORT,-0.0950510309326441,0.067433089968587,371,"",Macrophage M0
LIHC,Macrophage M1_CIBERSORT,-0.0133766688971895,0.797337124369066,371,"",Macrophage M1
LIHC,Macrophage M2_CIBERSORT,0.134612727318037,0.00943435257186157,371,**,Macrophage M2
LIHC,Myeloid dendritic cell resting_CIBERSORT,-0.000150403522845606,0.997696350429333,371,"",Myeloid dendritic cell resting
LIHC,Myeloid dendritic cell activated_CIBERSORT,0.0205387851739898,0.693351024068126,371,"",Myeloid dendritic cell activated
LIHC,Mast cell activated_CIBERSORT,0.0389415624317851,0.454568705776183,371,"",Mast cell activated
LIHC,Mast cell resting_CIBERSORT,0.012762583716079,0.806452432136932,371,"",Mast cell resting
LIHC,Eosinophil_CIBERSORT,-0.0794007841206764,0.126856186313429,371,"",Eosinophil
LIHC,Neutrophil_CIBERSORT,-0.0739315065332451,0.155269806780029,371,"",Neutrophil
LUAD,B cell naive_CIBERSORT,0.0066090706873425,0.881063740914049,515,"",B cell naive
LUAD,B cell memory_CIBERSORT,0.0653803518154863,0.138421024727342,515,"",B cell memory
LUAD,B cell plasma_CIBERSORT,0.0203922270552544,0.644298768809017,515,"",B cell plasma
LUAD,T cell CD8+_CIBERSORT,0.0378579073544949,0.391250154377382,515,"",T cell CD8+
LUAD,T cell CD4+ naive_CIBERSORT,0.0759534628110383,0.0850771063290099,515,"",T cell CD4+ naive
LUAD,T cell CD4+ memory resting_CIBERSORT,-0.018764441985477,0.670956501750836,515,"",T cell CD4+ memory resting
LUAD,T cell CD4+ memory activated_CIBERSORT,-0.143500591197865,0.00109251786539938,515,**,T cell CD4+ memory activated
LUAD,T cell follicular helper_CIBERSORT,0.0371922743013112,0.399638207604155,515,"",T cell follicular helper
LUAD,T cell regulatory (Tregs)_CIBERSORT,0.102330154907537,0.0201953743404488,515,*,T cell regulatory (Tregs)
LUAD,T cell gamma delta_CIBERSORT,-0.0828098751594352,0.0603927728703828,515,"",T cell gamma delta
LUAD,NK cell resting_CIBERSORT,-0.0420229550123497,0.341220842796205,515,"",NK cell resting
LUAD,NK cell activated_CIBERSORT,0.0570186735522657,0.196403344684851,515,"",NK cell activated
LUAD,Monocyte_CIBERSORT,0.00345783442025504,0.937605080767234,515,"",Monocyte
LUAD,Macrophage M0_CIBERSORT,0.0638658237238533,0.147812288926437,515,"",Macrophage M0
LUAD,Macrophage M1_CIBERSORT,-0.0951103406988585,0.030924211146088,515,*,Macrophage M1
LUAD,Macrophage M2_CIBERSORT,-0.0771125597463845,0.080409635698571,515,"",Macrophage M2
LUAD,Myeloid dendritic cell resting_CIBERSORT,-0.0616578327722474,0.162362912857446,515,"",Myeloid dendritic cell resting
LUAD,Myeloid dendritic cell activated_CIBERSORT,0.00842816351028131,0.848679075663781,515,"",Myeloid dendritic cell activated
LUAD,Mast cell activated_CIBERSORT,0.172966941995016,7.96392902962864e-05,515,***,Mast cell activated
LUAD,Mast cell resting_CIBERSORT,-0.053823109023827,0.222708824803263,515,"",Mast cell resting
LUAD,Eosinophil_CIBERSORT,-0.029386797672525,0.505784578268376,515,"",Eosinophil
LUAD,Neutrophil_CIBERSORT,0.0306586818677242,0.487538732411814,515,"",Neutrophil
LUSC,B cell naive_CIBERSORT,0.0220124348071367,0.622700552134477,502,"",B cell naive
LUSC,B cell memory_CIBERSORT,0.0841784132701787,0.0594714527382102,502,"",B cell memory
LUSC,B cell plasma_CIBERSORT,-0.055509461363339,0.214396636417139,502,"",B cell plasma
LUSC,T cell CD8+_CIBERSORT,0.0205364549872575,0.646214088548005,502,"",T cell CD8+
LUSC,T cell CD4+ naive_CIBERSORT,0.00687035145093356,0.877963974109985,502,"",T cell CD4+ naive
LUSC,T cell CD4+ memory resting_CIBERSORT,0.0410171844622839,0.359090427600565,502,"",T cell CD4+ memory resting
LUSC,T cell CD4+ memory activated_CIBERSORT,-0.00253058434341991,0.954897777233522,502,"",T cell CD4+ memory activated
LUSC,T cell follicular helper_CIBERSORT,0.101219634587254,0.0233270053065844,502,*,T cell follicular helper
LUSC,T cell regulatory (Tregs)_CIBERSORT,0.0146702420895652,0.742994642729078,502,"",T cell regulatory (Tregs)
LUSC,T cell gamma delta_CIBERSORT,-0.134653105685042,0.00250109307806037,502,**,T cell gamma delta
LUSC,NK cell resting_CIBERSORT,0.0351675243489619,0.431738679700089,502,"",NK cell resting
LUSC,NK cell activated_CIBERSORT,0.042800960098202,0.338557787714465,502,"",NK cell activated
LUSC,Monocyte_CIBERSORT,0.107152734075663,0.0163178080977525,502,*,Monocyte
LUSC,Macrophage M0_CIBERSORT,-0.0555148929316859,0.214351722978648,502,"",Macrophage M0
LUSC,Macrophage M1_CIBERSORT,-0.131572525008076,0.00314264203356501,502,**,Macrophage M1
LUSC,Macrophage M2_CIBERSORT,0.00101161790690208,0.981962035111632,502,"",Macrophage M2
LUSC,Myeloid dendritic cell resting_CIBERSORT,-0.0770511405567963,0.084596116290007,502,"",Myeloid dendritic cell resting
LUSC,Myeloid dendritic cell activated_CIBERSORT,0.0675761981645917,0.130527969648384,502,"",Myeloid dendritic cell activated
LUSC,Mast cell activated_CIBERSORT,0.237347956257398,7.37860272655004e-08,502,***,Mast cell activated
LUSC,Mast cell resting_CIBERSORT,-0.196473982832612,9.23337478388529e-06,502,***,Mast cell resting
LUSC,Eosinophil_CIBERSORT,-0.00387678176970418,0.930954118079626,502,"",Eosinophil
LUSC,Neutrophil_CIBERSORT,0.0138351938662931,0.757150760603363,502,"",Neutrophil
MESO,B cell naive_CIBERSORT,0.0400836700597423,0.712413849869494,87,"",B cell naive
MESO,B cell memory_CIBERSORT,-0.139464904282319,0.197629879917714,87,"",B cell memory
MESO,B cell plasma_CIBERSORT,0.0709336663691541,0.513834433543233,87,"",B cell plasma
MESO,T cell CD8+_CIBERSORT,0.0947937266263327,0.382468288017049,87,"",T cell CD8+
MESO,T cell CD4+ naive_CIBERSORT,0,1,87,"",T cell CD4+ naive
MESO,T cell CD4+ memory resting_CIBERSORT,-0.104756176472258,0.334230269445457,87,"",T cell CD4+ memory resting
MESO,T cell CD4+ memory activated_CIBERSORT,0.00297414119781741,0.978188744716197,87,"",T cell CD4+ memory activated
MESO,T cell follicular helper_CIBERSORT,0.0182671496641398,0.866635025183097,87,"",T cell follicular helper
MESO,T cell regulatory (Tregs)_CIBERSORT,0.0957061220786843,0.377883785760954,87,"",T cell regulatory (Tregs)
MESO,T cell gamma delta_CIBERSORT,0.18293811408617,0.0898863074820734,87,"",T cell gamma delta
MESO,NK cell resting_CIBERSORT,-0.02480175138006,0.819627249975149,87,"",NK cell resting
MESO,NK cell activated_CIBERSORT,-0.0103343631247969,0.92431415358012,87,"",NK cell activated
MESO,Monocyte_CIBERSORT,-0.233617434624407,0.0294245176613647,87,*,Monocyte
MESO,Macrophage M0_CIBERSORT,-0.0976751280482937,0.368104102737273,87,"",Macrophage M0
MESO,Macrophage M1_CIBERSORT,0.117176108214273,0.279756513228585,87,"",Macrophage M1
MESO,Macrophage M2_CIBERSORT,-0.059480739635654,0.584200219305869,87,"",Macrophage M2
MESO,Myeloid dendritic cell resting_CIBERSORT,-0.0535136324447923,0.622524623947204,87,"",Myeloid dendritic cell resting
MESO,Myeloid dendritic cell activated_CIBERSORT,0.0713538355949038,0.511337877455082,87,"",Myeloid dendritic cell activated
MESO,Mast cell activated_CIBERSORT,0.0376224847396143,0.72936818714849,87,"",Mast cell activated
MESO,Mast cell resting_CIBERSORT,-0.0677231311014749,0.53311430102718,87,"",Mast cell resting
MESO,Eosinophil_CIBERSORT,-0.144491796738819,0.181792750625571,87,"",Eosinophil
MESO,Neutrophil_CIBERSORT,0.289692129575923,0.00649651746947395,87,**,Neutrophil
OV,B cell naive_CIBERSORT,0.0338053694811483,0.558409387945515,302,"",B cell naive
OV,B cell memory_CIBERSORT,0.0139747742575398,0.80888835194304,302,"",B cell memory
OV,B cell plasma_CIBERSORT,-0.101363136827493,0.0786232130767886,302,"",B cell plasma
OV,T cell CD8+_CIBERSORT,0.0109530058266332,0.849654493687576,302,"",T cell CD8+
OV,T cell CD4+ naive_CIBERSORT,0.0545458221477525,0.344823368587941,302,"",T cell CD4+ naive
OV,T cell CD4+ memory resting_CIBERSORT,-0.0540391494620422,0.349329883292686,302,"",T cell CD4+ memory resting
OV,T cell CD4+ memory activated_CIBERSORT,0.0373567952864457,0.517809624731831,302,"",T cell CD4+ memory activated
OV,T cell follicular helper_CIBERSORT,-0.0414326687157855,0.473161127118582,302,"",T cell follicular helper
OV,T cell regulatory (Tregs)_CIBERSORT,0.0126509801059904,0.82669083401783,302,"",T cell regulatory (Tregs)
OV,T cell gamma delta_CIBERSORT,0.0191634672197179,0.740134705594427,302,"",T cell gamma delta
OV,NK cell resting_CIBERSORT,-0.0306260290548731,0.59601424320162,302,"",NK cell resting
OV,NK cell activated_CIBERSORT,-0.00750971773731907,0.896593633891399,302,"",NK cell activated
OV,Monocyte_CIBERSORT,-0.0461818650194181,0.423911395963843,302,"",Monocyte
OV,Macrophage M0_CIBERSORT,0.0842200677640124,0.144258604230273,302,"",Macrophage M0
OV,Macrophage M1_CIBERSORT,0.0378993523326764,0.511743694095122,302,"",Macrophage M1
OV,Macrophage M2_CIBERSORT,0.0303910216343754,0.598838876463757,302,"",Macrophage M2
OV,Myeloid dendritic cell resting_CIBERSORT,0.0900783945331628,0.118268890129706,302,"",Myeloid dendritic cell resting
OV,Myeloid dendritic cell activated_CIBERSORT,-0.137328847321061,0.0169427164917279,302,*,Myeloid dendritic cell activated
OV,Mast cell activated_CIBERSORT,-0.0324993085383915,0.573717996624414,302,"",Mast cell activated
OV,Mast cell resting_CIBERSORT,-0.000133743778942853,0.998153233526557,302,"",Mast cell resting
OV,Eosinophil_CIBERSORT,-0.114460388625792,0.0468784352606693,302,*,Eosinophil
OV,Neutrophil_CIBERSORT,-0.0584569526807566,0.311286224660266,302,"",Neutrophil
PAAD,B cell naive_CIBERSORT,0.257597445527159,0.000517876286868838,178,***,B cell naive
PAAD,B cell memory_CIBERSORT,0.0228652377640662,0.761927429114924,178,"",B cell memory
PAAD,B cell plasma_CIBERSORT,0.0705363559132607,0.349474932808501,178,"",B cell plasma
PAAD,T cell CD8+_CIBERSORT,0.381455929321807,1.493084744448e-07,178,***,T cell CD8+
PAAD,T cell CD4+ naive_CIBERSORT,-0.0323281786977643,0.668370844299239,178,"",T cell CD4+ naive
PAAD,T cell CD4+ memory resting_CIBERSORT,0.00745290863244534,0.921348653000433,178,"",T cell CD4+ memory resting
PAAD,T cell CD4+ memory activated_CIBERSORT,0.0121472728365386,0.872149337487333,178,"",T cell CD4+ memory activated
PAAD,T cell follicular helper_CIBERSORT,0.111431547768076,0.138653489217804,178,"",T cell follicular helper
PAAD,T cell regulatory (Tregs)_CIBERSORT,0.0305083824587235,0.686022223944082,178,"",T cell regulatory (Tregs)
PAAD,T cell gamma delta_CIBERSORT,0.0644533253260994,0.392692072392328,178,"",T cell gamma delta
PAAD,NK cell resting_CIBERSORT,-0.237646392751453,0.00140244935375024,178,**,NK cell resting
PAAD,NK cell activated_CIBERSORT,-0.126817210607132,0.0916322204782398,178,"",NK cell activated
PAAD,Monocyte_CIBERSORT,0.189613828079046,0.0112453443562793,178,*,Monocyte
PAAD,Macrophage M0_CIBERSORT,-0.26846666921532,0.000290863826994346,178,***,Macrophage M0
PAAD,Macrophage M1_CIBERSORT,-0.0879088609743024,0.243271784519071,178,"",Macrophage M1
PAAD,Macrophage M2_CIBERSORT,-0.0927012033040632,0.218425074535202,178,"",Macrophage M2
PAAD,Myeloid dendritic cell resting_CIBERSORT,0.0389976305310001,0.605278781595624,178,"",Myeloid dendritic cell resting
PAAD,Myeloid dendritic cell activated_CIBERSORT,0.0895881585941256,0.234350297814914,178,"",Myeloid dendritic cell activated
PAAD,Mast cell activated_CIBERSORT,0.179293541924776,0.0166358308075811,178,*,Mast cell activated
PAAD,Mast cell resting_CIBERSORT,0.0218995326623711,0.771699533494822,178,"",Mast cell resting
PAAD,Eosinophil_CIBERSORT,-0.122851850738397,0.102322905545839,178,"",Eosinophil
PAAD,Neutrophil_CIBERSORT,0.18779513720152,0.0120655167699647,178,*,Neutrophil
PCPG,B cell naive_CIBERSORT,0.00881454848833053,0.90599021559855,182,"",B cell naive
PCPG,B cell memory_CIBERSORT,-0.017661117096209,0.812937367625117,182,"",B cell memory
PCPG,B cell plasma_CIBERSORT,0.133850571583468,0.07163728667824,182,"",B cell plasma
PCPG,T cell CD8+_CIBERSORT,0.140036530396873,0.0593649231299678,182,"",T cell CD8+
PCPG,T cell CD4+ naive_CIBERSORT,0.0580071594160774,0.436673470672593,182,"",T cell CD4+ naive
PCPG,T cell CD4+ memory resting_CIBERSORT,-0.0985792340254279,0.185512748040827,182,"",T cell CD4+ memory resting
PCPG,T cell CD4+ memory activated_CIBERSORT,-0.0253921872890894,0.733665256639999,182,"",T cell CD4+ memory activated
PCPG,T cell follicular helper_CIBERSORT,-0.0128524533996592,0.863279080965,182,"",T cell follicular helper
PCPG,T cell regulatory (Tregs)_CIBERSORT,-0.11854507328325,0.110965826397222,182,"",T cell regulatory (Tregs)
PCPG,T cell gamma delta_CIBERSORT,0.00095019770450981,0.989842765603829,182,"",T cell gamma delta
PCPG,NK cell resting_CIBERSORT,-0.0460446377930666,0.53708715299097,182,"",NK cell resting
PCPG,NK cell activated_CIBERSORT,0.212944226881919,0.0038997544728701,182,**,NK cell activated
PCPG,Monocyte_CIBERSORT,0.114165422539122,0.124885594347894,182,"",Monocyte
PCPG,Macrophage M0_CIBERSORT,-0.0180055214425562,0.809358488905475,182,"",Macrophage M0
PCPG,Macrophage M1_CIBERSORT,-0.103945910432501,0.162584774924757,182,"",Macrophage M1
PCPG,Macrophage M2_CIBERSORT,-0.123599464560822,0.096444702199083,182,"",Macrophage M2
PCPG,Myeloid dendritic cell resting_CIBERSORT,0.0395019502351851,0.596496481755472,182,"",Myeloid dendritic cell resting
PCPG,Myeloid dendritic cell activated_CIBERSORT,0.048302255317766,0.517294519678324,182,"",Myeloid dendritic cell activated
PCPG,Mast cell activated_CIBERSORT,-0.0856608662784353,0.250234179999728,182,"",Mast cell activated
PCPG,Mast cell resting_CIBERSORT,0.0737370056131725,0.322535877510808,182,"",Mast cell resting
PCPG,Eosinophil_CIBERSORT,-0.0415796689298697,0.577311092934471,182,"",Eosinophil
PCPG,Neutrophil_CIBERSORT,-0.104007186755582,0.162335822241338,182,"",Neutrophil
PRAD,B cell naive_CIBERSORT,-0.0330526943814562,0.462214279575669,497,"",B cell naive
PRAD,B cell memory_CIBERSORT,0.0802520245777965,0.0738603915037533,497,"",B cell memory
PRAD,B cell plasma_CIBERSORT,-0.190384927552971,1.93032740990954e-05,497,***,B cell plasma
PRAD,T cell CD8+_CIBERSORT,-0.00573879165340072,0.898452364927778,497,"",T cell CD8+
PRAD,T cell CD4+ memory resting_CIBERSORT,-0.0415646720916141,0.355128071526798,497,"",T cell CD4+ memory resting
PRAD,T cell CD4+ memory activated_CIBERSORT,-0.0686824729149467,0.126233928115382,497,"",T cell CD4+ memory activated
PRAD,T cell follicular helper_CIBERSORT,0.165988665209731,0.000201629692953555,497,***,T cell follicular helper
PRAD,T cell regulatory (Tregs)_CIBERSORT,0.08240725946549,0.0664104442880788,497,"",T cell regulatory (Tregs)
PRAD,T cell gamma delta_CIBERSORT,-0.0193465650214451,0.667008823290738,497,"",T cell gamma delta
PRAD,NK cell resting_CIBERSORT,0.020980701816788,0.64078120816631,497,"",NK cell resting
PRAD,NK cell activated_CIBERSORT,0.0603691139085253,0.179053323430426,497,"",NK cell activated
PRAD,Monocyte_CIBERSORT,0.0124119288898563,0.782533331487111,497,"",Monocyte
PRAD,Macrophage M0_CIBERSORT,-0.0291838578531397,0.516267103999812,497,"",Macrophage M0
PRAD,Macrophage M1_CIBERSORT,0.029874268105082,0.506387481399278,497,"",Macrophage M1
PRAD,Macrophage M2_CIBERSORT,0.0525762923556973,0.242014111774489,497,"",Macrophage M2
PRAD,Myeloid dendritic cell resting_CIBERSORT,0.00299892557347773,0.946829815004601,497,"",Myeloid dendritic cell resting
PRAD,Myeloid dendritic cell activated_CIBERSORT,-0.0387447184710222,0.388740361382729,497,"",Myeloid dendritic cell activated
PRAD,Mast cell activated_CIBERSORT,0.0258465458058205,0.565389346899964,497,"",Mast cell activated
PRAD,Mast cell resting_CIBERSORT,-0.0892158664284691,0.0468237445208685,497,*,Mast cell resting
PRAD,Eosinophil_CIBERSORT,0.0753924723411285,0.0931676755272904,497,"",Eosinophil
PRAD,Neutrophil_CIBERSORT,-0.0863461913495105,0.0543915028347805,497,"",Neutrophil
READ,B cell naive_CIBERSORT,0.155093007604561,0.0501980266924103,160,"",B cell naive
READ,B cell memory_CIBERSORT,0.013952446367796,0.860992587448229,160,"",B cell memory
READ,B cell plasma_CIBERSORT,-0.0333540424896569,0.675429901062036,160,"",B cell plasma
READ,T cell CD8+_CIBERSORT,0.118655266198013,0.135071095742916,160,"",T cell CD8+
READ,T cell CD4+ naive_CIBERSORT,-0.110409613238147,0.164563399005155,160,"",T cell CD4+ naive
READ,T cell CD4+ memory resting_CIBERSORT,-0.099635083049519,0.210010985158006,160,"",T cell CD4+ memory resting
READ,T cell CD4+ memory activated_CIBERSORT,-0.174188509940099,0.0276001570290285,160,*,T cell CD4+ memory activated
READ,T cell follicular helper_CIBERSORT,0.098008623009341,0.217586079478104,160,"",T cell follicular helper
READ,T cell regulatory (Tregs)_CIBERSORT,0.0656446018585866,0.409527530611085,160,"",T cell regulatory (Tregs)
READ,T cell gamma delta_CIBERSORT,-0.0939704626133863,0.237229382454801,160,"",T cell gamma delta
READ,NK cell resting_CIBERSORT,-0.00830736006141679,0.916964128223129,160,"",NK cell resting
READ,NK cell activated_CIBERSORT,0.0283552581026532,0.72189436666271,160,"",NK cell activated
READ,Monocyte_CIBERSORT,0.0352895785246012,0.657751367130182,160,"",Monocyte
READ,Macrophage M0_CIBERSORT,0.0942260038223585,0.235950703628006,160,"",Macrophage M0
READ,Macrophage M1_CIBERSORT,-0.0315578516665268,0.691996141506002,160,"",Macrophage M1
READ,Macrophage M2_CIBERSORT,-0.0457633152394972,0.565543116595592,160,"",Macrophage M2
READ,Myeloid dendritic cell resting_CIBERSORT,-0.0132843866459569,0.867586032960093,160,"",Myeloid dendritic cell resting
READ,Myeloid dendritic cell activated_CIBERSORT,-0.107026476358175,0.177964931271315,160,"",Myeloid dendritic cell activated
READ,Mast cell activated_CIBERSORT,-0.03366063015023,0.672617471313925,160,"",Mast cell activated
READ,Mast cell resting_CIBERSORT,0.119224487581102,0.133195138520385,160,"",Mast cell resting
READ,Eosinophil_CIBERSORT,0.0613687244672781,0.440766012013534,160,"",Eosinophil
READ,Neutrophil_CIBERSORT,0.052280790780365,0.511457692866274,160,"",Neutrophil
SARC,B cell naive_CIBERSORT,0.196798852341411,0.00145735752277512,259,**,B cell naive
SARC,B cell memory_CIBERSORT,-0.0956064754360474,0.12485365872876,259,"",B cell memory
SARC,B cell plasma_CIBERSORT,0.10852325919616,0.0812950763125027,259,"",B cell plasma
SARC,T cell CD8+_CIBERSORT,0.0181870441454653,0.770821034427861,259,"",T cell CD8+
SARC,T cell CD4+ naive_CIBERSORT,0.00824814595199391,0.89490399153843,259,"",T cell CD4+ naive
SARC,T cell CD4+ memory resting_CIBERSORT,0.0384089403070314,0.538310000327862,259,"",T cell CD4+ memory resting
SARC,T cell CD4+ memory activated_CIBERSORT,-0.0522871295299736,0.402039212050582,259,"",T cell CD4+ memory activated
SARC,T cell follicular helper_CIBERSORT,-0.0122246612241483,0.844772188940585,259,"",T cell follicular helper
SARC,T cell regulatory (Tregs)_CIBERSORT,-0.0127435746335631,0.838271682431448,259,"",T cell regulatory (Tregs)
SARC,T cell gamma delta_CIBERSORT,-0.0353300418865788,0.571387174951163,259,"",T cell gamma delta
SARC,NK cell resting_CIBERSORT,-0.137081238048174,0.0273933655015147,259,*,NK cell resting
SARC,NK cell activated_CIBERSORT,0.00485465003565713,0.938026323923355,259,"",NK cell activated
SARC,Monocyte_CIBERSORT,-0.0141916249622985,0.820191017136073,259,"",Monocyte
SARC,Macrophage M0_CIBERSORT,0.0070119377449567,0.910583956426073,259,"",Macrophage M0
SARC,Macrophage M1_CIBERSORT,-0.0188130218683337,0.763163537712793,259,"",Macrophage M1
SARC,Macrophage M2_CIBERSORT,-0.19117666613447,0.00199908204234532,259,**,Macrophage M2
SARC,Myeloid dendritic cell resting_CIBERSORT,0.0161664920790536,0.795686532658606,259,"",Myeloid dendritic cell resting
SARC,Myeloid dendritic cell activated_CIBERSORT,0.0392254964710693,0.529700630868359,259,"",Myeloid dendritic cell activated
SARC,Mast cell activated_CIBERSORT,0.274461021912699,7.39347108563544e-06,259,***,Mast cell activated
SARC,Mast cell resting_CIBERSORT,-0.111770876148982,0.0725403286602628,259,"",Mast cell resting
SARC,Eosinophil_CIBERSORT,-0.133472294805475,0.0317726038141979,259,*,Eosinophil
SARC,Neutrophil_CIBERSORT,-0.0171347611939352,0.783743285645383,259,"",Neutrophil
SKCM,B cell naive_CIBERSORT,-0.0659356450394113,0.50814581051921,103,"",B cell naive
SKCM,B cell memory_CIBERSORT,0.0994316098005422,0.317657104268411,103,"",B cell memory
SKCM,B cell plasma_CIBERSORT,-0.204091271004132,0.0386550709934132,103,*,B cell plasma
SKCM,T cell CD8+_CIBERSORT,-0.00571296831079052,0.954327607378886,103,"",T cell CD8+
SKCM,T cell CD4+ naive_CIBERSORT,-0.0815186148058162,0.413020177312209,103,"",T cell CD4+ naive
SKCM,T cell CD4+ memory resting_CIBERSORT,0.0913981546905301,0.358517745157058,103,"",T cell CD4+ memory resting
SKCM,T cell CD4+ memory activated_CIBERSORT,-0.0834965552925573,0.401738038141162,103,"",T cell CD4+ memory activated
SKCM,T cell follicular helper_CIBERSORT,-0.277878609163973,0.00448401277301408,103,**,T cell follicular helper
SKCM,T cell regulatory (Tregs)_CIBERSORT,0.223256505285883,0.0233996398615035,103,*,T cell regulatory (Tregs)
SKCM,T cell gamma delta_CIBERSORT,-0.274296321972155,0.00505012709866687,103,**,T cell gamma delta
SKCM,NK cell resting_CIBERSORT,0.0527386997523407,0.596753017151244,103,"",NK cell resting
SKCM,NK cell activated_CIBERSORT,-0.0667954793288704,0.502618078401331,103,"",NK cell activated
SKCM,Monocyte_CIBERSORT,-0.0809633026792153,0.416220593244502,103,"",Monocyte
SKCM,Macrophage M0_CIBERSORT,0.111287135140589,0.263081472239818,103,"",Macrophage M0
SKCM,Macrophage M1_CIBERSORT,-0.199695126388486,0.0431383052421424,103,*,Macrophage M1
SKCM,Macrophage M2_CIBERSORT,0.116898914117774,0.239613999375031,103,"",Macrophage M2
SKCM,Myeloid dendritic cell resting_CIBERSORT,0.153247132841294,0.122237125821407,103,"",Myeloid dendritic cell resting
SKCM,Myeloid dendritic cell activated_CIBERSORT,-0.0025524079853951,0.979585949154161,103,"",Myeloid dendritic cell activated
SKCM,Mast cell activated_CIBERSORT,0.146189131800956,0.14062184422277,103,"",Mast cell activated
SKCM,Mast cell resting_CIBERSORT,-0.14548533966897,0.142564150564677,103,"",Mast cell resting
SKCM,Eosinophil_CIBERSORT,5.91629504028796e-05,0.999526766393556,103,"",Eosinophil
SKCM,Neutrophil_CIBERSORT,0.107290715367408,0.280716964156386,103,"",Neutrophil
STAD,B cell naive_CIBERSORT,0.145065071672061,0.00305678214721801,415,**,B cell naive
STAD,B cell memory_CIBERSORT,0.241807450031519,6.18637237553753e-07,415,***,B cell memory
STAD,B cell plasma_CIBERSORT,-0.0230480831171063,0.639662201691623,415,"",B cell plasma
STAD,T cell CD8+_CIBERSORT,0.0970796553122402,0.0481130901453754,415,*,T cell CD8+
STAD,T cell CD4+ naive_CIBERSORT,0.0379482702532114,0.440700384361172,415,"",T cell CD4+ naive
STAD,T cell CD4+ memory resting_CIBERSORT,-0.017745922437738,0.718510710621073,415,"",T cell CD4+ memory resting
STAD,T cell CD4+ memory activated_CIBERSORT,-0.202373420645278,3.27746765869965e-05,415,***,T cell CD4+ memory activated
STAD,T cell follicular helper_CIBERSORT,-0.102529440738485,0.0368078755571538,415,*,T cell follicular helper
STAD,T cell regulatory (Tregs)_CIBERSORT,0.137669262571353,0.00496237847183379,415,**,T cell regulatory (Tregs)
STAD,T cell gamma delta_CIBERSORT,-0.0764804433505257,0.119802083558056,415,"",T cell gamma delta
STAD,NK cell resting_CIBERSORT,-0.109755797713361,0.0253576398332515,415,*,NK cell resting
STAD,NK cell activated_CIBERSORT,0.0534086416511021,0.277695863916542,415,"",NK cell activated
STAD,Monocyte_CIBERSORT,0.153597883136255,0.00169970755642665,415,**,Monocyte
STAD,Macrophage M0_CIBERSORT,-0.109887484029539,0.025181339226669,415,*,Macrophage M0
STAD,Macrophage M1_CIBERSORT,-0.146638397103158,0.00274945820007122,415,**,Macrophage M1
STAD,Macrophage M2_CIBERSORT,-0.0667089882211628,0.174979017753706,415,"",Macrophage M2
STAD,Myeloid dendritic cell resting_CIBERSORT,-0.00918900550490565,0.85194792591239,415,"",Myeloid dendritic cell resting
STAD,Myeloid dendritic cell activated_CIBERSORT,0.0829834772718366,0.0913505850550453,415,"",Myeloid dendritic cell activated
STAD,Mast cell activated_CIBERSORT,0.348150129320628,2.86469826561447e-13,415,***,Mast cell activated
STAD,Mast cell resting_CIBERSORT,-0.165305415376413,0.00072312893974998,415,***,Mast cell resting
STAD,Eosinophil_CIBERSORT,0.0578059173020918,0.239983948469526,415,"",Eosinophil
STAD,Neutrophil_CIBERSORT,-0.0295471163046031,0.54834892756493,415,"",Neutrophil
TGCT,B cell naive_CIBERSORT,-0.376664249562888,1.25720433638067e-06,156,***,B cell naive
TGCT,B cell memory_CIBERSORT,0.114298101429693,0.155385966575247,156,"",B cell memory
TGCT,B cell plasma_CIBERSORT,-0.0242623496002315,0.763686175872368,156,"",B cell plasma
TGCT,T cell CD8+_CIBERSORT,-0.0687892069103084,0.393504986456599,156,"",T cell CD8+
TGCT,T cell CD4+ naive_CIBERSORT,0.115136598714716,0.152357315373242,156,"",T cell CD4+ naive
TGCT,T cell CD4+ memory resting_CIBERSORT,-0.187764252166135,0.0189135813051041,156,*,T cell CD4+ memory resting
TGCT,T cell CD4+ memory activated_CIBERSORT,-0.1943440256426,0.0150547334344741,156,*,T cell CD4+ memory activated
TGCT,T cell follicular helper_CIBERSORT,-0.0357229221315266,0.657959513753476,156,"",T cell follicular helper
TGCT,T cell regulatory (Tregs)_CIBERSORT,-0.12242705630665,0.12787161314913,156,"",T cell regulatory (Tregs)
TGCT,T cell gamma delta_CIBERSORT,-0.154567870708925,0.0540269587037663,156,"",T cell gamma delta
TGCT,NK cell resting_CIBERSORT,0.115627551853073,0.150604766143148,156,"",NK cell resting
TGCT,NK cell activated_CIBERSORT,0.0249202621156994,0.757474677077135,156,"",NK cell activated
TGCT,Monocyte_CIBERSORT,0.245927935847709,0.001970751509096,156,**,Monocyte
TGCT,Macrophage M0_CIBERSORT,-0.173637135231834,0.0301754616346985,156,*,Macrophage M0
TGCT,Macrophage M1_CIBERSORT,-0.237842494302593,0.0027917351878533,156,**,Macrophage M1
TGCT,Macrophage M2_CIBERSORT,0.670738087263649,9.8224750856452e-22,156,***,Macrophage M2
TGCT,Myeloid dendritic cell resting_CIBERSORT,-0.12815822654527,0.110845553986408,156,"",Myeloid dendritic cell resting
TGCT,Myeloid dendritic cell activated_CIBERSORT,0.0925515908255498,0.250498092200656,156,"",Myeloid dendritic cell activated
TGCT,Mast cell activated_CIBERSORT,0.00283009659049643,0.972028964304316,156,"",Mast cell activated
TGCT,Mast cell resting_CIBERSORT,0.246270682144007,0.00194138531297787,156,**,Mast cell resting
TGCT,Neutrophil_CIBERSORT,-0.0166062458130016,0.83697993733234,156,"",Neutrophil
THCA,B cell naive_CIBERSORT,0.00557578340392504,0.900925616743865,501,"",B cell naive
THCA,B cell memory_CIBERSORT,-0.126994293202129,0.00441400588532383,501,**,B cell memory
THCA,B cell plasma_CIBERSORT,0.201245057284614,5.6321053522274e-06,501,***,B cell plasma
THCA,T cell CD8+_CIBERSORT,0.0797142248245411,0.07464710681208,501,"",T cell CD8+
THCA,T cell CD4+ naive_CIBERSORT,0.0186482319148486,0.677119152125226,501,"",T cell CD4+ naive
THCA,T cell CD4+ memory resting_CIBERSORT,-0.146900068665955,0.000974584445314583,501,***,T cell CD4+ memory resting
THCA,T cell CD4+ memory activated_CIBERSORT,-0.0982718905331119,0.0278456302697156,501,*,T cell CD4+ memory activated
THCA,T cell follicular helper_CIBERSORT,0.0373239023185886,0.404491934604249,501,"",T cell follicular helper
THCA,T cell regulatory (Tregs)_CIBERSORT,-0.254186759386929,7.91305562182465e-09,501,***,T cell regulatory (Tregs)
THCA,T cell gamma delta_CIBERSORT,0.0190186433189386,0.671077308622133,501,"",T cell gamma delta
THCA,NK cell resting_CIBERSORT,0.114465102087228,0.0103441169409074,501,*,NK cell resting
THCA,NK cell activated_CIBERSORT,0.135609284245285,0.00235146634959315,501,**,NK cell activated
THCA,Monocyte_CIBERSORT,-0.0129368067709598,0.77269332471484,501,"",Monocyte
THCA,Macrophage M0_CIBERSORT,-0.189692291397669,1.91868063683345e-05,501,***,Macrophage M0
THCA,Macrophage M1_CIBERSORT,0.0438806106336551,0.326987496818724,501,"",Macrophage M1
THCA,Macrophage M2_CIBERSORT,0.112487539805326,0.0117513687467427,501,*,Macrophage M2
THCA,Myeloid dendritic cell resting_CIBERSORT,-0.20549462310159,3.52327436627069e-06,501,***,Myeloid dendritic cell resting
THCA,Myeloid dendritic cell activated_CIBERSORT,-0.283210705625076,1.07562160355472e-10,501,***,Myeloid dendritic cell activated
THCA,Mast cell activated_CIBERSORT,0.0245850133950485,0.583008531910129,501,"",Mast cell activated
THCA,Mast cell resting_CIBERSORT,0.107311921464061,0.0162652574539489,501,*,Mast cell resting
THCA,Eosinophil_CIBERSORT,-0.0198070096416047,0.658288877057038,501,"",Eosinophil
THCA,Neutrophil_CIBERSORT,-0.059191577667022,0.185922725175659,501,"",Neutrophil
THYM,B cell naive_CIBERSORT,-0.0630137213863706,0.494142166448056,120,"",B cell naive
THYM,B cell memory_CIBERSORT,-0.0204035237380457,0.824942184278963,120,"",B cell memory
THYM,B cell plasma_CIBERSORT,-0.225716788817435,0.0131825059842212,120,*,B cell plasma
THYM,T cell CD8+_CIBERSORT,0.0331696611571645,0.719107980247386,120,"",T cell CD8+
THYM,T cell CD4+ naive_CIBERSORT,-0.081835317041541,0.374234554157428,120,"",T cell CD4+ naive
THYM,T cell CD4+ memory resting_CIBERSORT,0.272901821805311,0.00256422178196036,120,**,T cell CD4+ memory resting
THYM,T cell CD4+ memory activated_CIBERSORT,-0.320446241383268,0.000359522213186728,120,***,T cell CD4+ memory activated
THYM,T cell follicular helper_CIBERSORT,-0.318757943494636,0.000387734335441959,120,***,T cell follicular helper
THYM,T cell regulatory (Tregs)_CIBERSORT,-0.294785604184397,0.00108173380836779,120,**,T cell regulatory (Tregs)
THYM,T cell gamma delta_CIBERSORT,-0.148963797405326,0.104416365740206,120,"",T cell gamma delta
THYM,NK cell resting_CIBERSORT,-0.181963857964075,0.0466913893274991,120,*,NK cell resting
THYM,NK cell activated_CIBERSORT,0.215364126350526,0.0181622528719973,120,*,NK cell activated
THYM,Monocyte_CIBERSORT,0.375116330790566,2.42796548899282e-05,120,***,Monocyte
THYM,Macrophage M0_CIBERSORT,-0.231223142707995,0.0110554083199556,120,*,Macrophage M0
THYM,Macrophage M1_CIBERSORT,0.229583226313314,0.0116549728017306,120,*,Macrophage M1
THYM,Macrophage M2_CIBERSORT,0.144115517562875,0.116323989359148,120,"",Macrophage M2
THYM,Myeloid dendritic cell resting_CIBERSORT,0.0803399640407988,0.383055867505827,120,"",Myeloid dendritic cell resting
THYM,Myeloid dendritic cell activated_CIBERSORT,-0.156627670749223,0.0875673078595299,120,"",Myeloid dendritic cell activated
THYM,Mast cell activated_CIBERSORT,0.348032412176916,9.81599582166282e-05,120,***,Mast cell activated
THYM,Mast cell resting_CIBERSORT,-0.0864277354402021,0.347927700650935,120,"",Mast cell resting
THYM,Neutrophil_CIBERSORT,-0.149391022149452,0.103414680326753,120,"",Neutrophil
UCEC,B cell naive_CIBERSORT,0.0141770240738737,0.744241202954328,532,"",B cell naive
UCEC,B cell memory_CIBERSORT,0.00219839904232999,0.959654510196051,532,"",B cell memory
UCEC,B cell plasma_CIBERSORT,0.0193231833295265,0.65654753988729,532,"",B cell plasma
UCEC,T cell CD8+_CIBERSORT,0.00510647380239334,0.906459737982514,532,"",T cell CD8+
UCEC,T cell CD4+ naive_CIBERSORT,-0.00531043109747207,0.902741804409905,532,"",T cell CD4+ naive
UCEC,T cell CD4+ memory resting_CIBERSORT,0.0867428165909185,0.0455220242813105,532,*,T cell CD4+ memory resting
UCEC,T cell CD4+ memory activated_CIBERSORT,-0.121712216332136,0.00493628821798819,532,**,T cell CD4+ memory activated
UCEC,T cell follicular helper_CIBERSORT,0.0337047466155964,0.437869416465138,532,"",T cell follicular helper
UCEC,T cell regulatory (Tregs)_CIBERSORT,0.048844414483086,0.260748431332916,532,"",T cell regulatory (Tregs)
UCEC,T cell gamma delta_CIBERSORT,0.00546490527954549,0.899927307854662,532,"",T cell gamma delta
UCEC,NK cell resting_CIBERSORT,-0.0285428482072803,0.511226131535221,532,"",NK cell resting
UCEC,NK cell activated_CIBERSORT,0.0755497563933753,0.0816915432169529,532,"",NK cell activated
UCEC,Monocyte_CIBERSORT,0.111744813186822,0.00989638939301405,532,**,Monocyte
UCEC,Macrophage M0_CIBERSORT,-0.138278258010153,0.00138732341701705,532,**,Macrophage M0
UCEC,Macrophage M1_CIBERSORT,-0.103015292197516,0.0174636451914197,532,*,Macrophage M1
UCEC,Macrophage M2_CIBERSORT,0.0308644131365818,0.477464605129898,532,"",Macrophage M2
UCEC,Myeloid dendritic cell resting_CIBERSORT,0.0282956456344598,0.51489293698729,532,"",Myeloid dendritic cell resting
UCEC,Myeloid dendritic cell activated_CIBERSORT,0.0511371085212976,0.239003994377418,532,"",Myeloid dendritic cell activated
UCEC,Mast cell activated_CIBERSORT,0.174549551628308,5.17341324151688e-05,532,***,Mast cell activated
UCEC,Mast cell resting_CIBERSORT,-0.147636852119917,0.000635506542119297,532,***,Mast cell resting
UCEC,Eosinophil_CIBERSORT,0.0325366214014796,0.453920899381581,532,"",Eosinophil
UCEC,Neutrophil_CIBERSORT,0.0207924472801445,0.63229147271568,532,"",Neutrophil
UCS,B cell naive_CIBERSORT,-0.305958876974823,0.0206363702755826,57,*,B cell naive
UCS,B cell memory_CIBERSORT,0.169270841888975,0.208116882306061,57,"",B cell memory
UCS,B cell plasma_CIBERSORT,-0.16074780422968,0.232275088462403,57,"",B cell plasma
UCS,T cell CD8+_CIBERSORT,-0.215503832952298,0.107408254103959,57,"",T cell CD8+
UCS,T cell CD4+ naive_CIBERSORT,0.0577882369858511,0.669391789593982,57,"",T cell CD4+ naive
UCS,T cell CD4+ memory resting_CIBERSORT,0.181623660628671,0.176335036378732,57,"",T cell CD4+ memory resting
UCS,T cell CD4+ memory activated_CIBERSORT,-0.0632299184165716,0.640308580175667,57,"",T cell CD4+ memory activated
UCS,T cell follicular helper_CIBERSORT,-0.124165424517034,0.357453692586671,57,"",T cell follicular helper
UCS,T cell regulatory (Tregs)_CIBERSORT,0.156014148664738,0.246497571682837,57,"",T cell regulatory (Tregs)
UCS,T cell gamma delta_CIBERSORT,-0.0875520372499828,0.517240796272327,57,"",T cell gamma delta
UCS,NK cell resting_CIBERSORT,0.0631738406419118,0.640605660916094,57,"",NK cell resting
UCS,NK cell activated_CIBERSORT,-0.00392233137450672,0.976898897124911,57,"",NK cell activated
UCS,Monocyte_CIBERSORT,-0.0185541123092336,0.89103966118956,57,"",Monocyte
UCS,Macrophage M0_CIBERSORT,-0.0948238351425649,0.48291177520991,57,"",Macrophage M0
UCS,Macrophage M1_CIBERSORT,0.0174338338066689,0.897582184942165,57,"",Macrophage M1
UCS,Macrophage M2_CIBERSORT,0.351202438023123,0.00739106201741821,57,**,Macrophage M2
UCS,Myeloid dendritic cell resting_CIBERSORT,-0.00995285752853441,0.941424589628907,57,"",Myeloid dendritic cell resting
UCS,Myeloid dendritic cell activated_CIBERSORT,0.0195218834807208,0.885393579213289,57,"",Myeloid dendritic cell activated
UCS,Mast cell activated_CIBERSORT,0.103263520641299,0.44463063622201,57,"",Mast cell activated
UCS,Mast cell resting_CIBERSORT,0.0129761164488901,0.923678554741758,57,"",Mast cell resting
UCS,Eosinophil_CIBERSORT,0.186829128018273,0.164053726002982,57,"",Eosinophil
UCS,Neutrophil_CIBERSORT,-0.138930739338642,0.302693318426047,57,"",Neutrophil
UVM,B cell naive_CIBERSORT,-0.182276834882846,0.105605940403688,80,"",B cell naive
UVM,B cell memory_CIBERSORT,0.176970119987152,0.116326855688147,80,"",B cell memory
UVM,B cell plasma_CIBERSORT,-0.221160777697563,0.0486694978411108,80,*,B cell plasma
UVM,T cell CD8+_CIBERSORT,0.20838465110839,0.063605570486317,80,"",T cell CD8+
UVM,T cell CD4+ naive_CIBERSORT,-0.181563935190312,0.106999768273568,80,"",T cell CD4+ naive
UVM,T cell CD4+ memory resting_CIBERSORT,0.0707775484523892,0.532710695768014,80,"",T cell CD4+ memory resting
UVM,T cell CD4+ memory activated_CIBERSORT,-0.139036942403405,0.218698466239342,80,"",T cell CD4+ memory activated
UVM,T cell follicular helper_CIBERSORT,0.0508012503167237,0.654501042510592,80,"",T cell follicular helper
UVM,T cell regulatory (Tregs)_CIBERSORT,-0.0763447526041023,0.500893513823513,80,"",T cell regulatory (Tregs)
UVM,T cell gamma delta_CIBERSORT,0.290110089281384,0.00904411304552725,80,**,T cell gamma delta
UVM,NK cell resting_CIBERSORT,-0.350756130735514,0.00142333697342801,80,**,NK cell resting
UVM,NK cell activated_CIBERSORT,0.341418293646163,0.00193929113329688,80,**,NK cell activated
UVM,Monocyte_CIBERSORT,-0.0238635506382016,0.833579698702475,80,"",Monocyte
UVM,Macrophage M0_CIBERSORT,0.021277460987539,0.851396134518552,80,"",Macrophage M0
UVM,Macrophage M1_CIBERSORT,0.245020778223574,0.0284844603046093,80,*,Macrophage M1
UVM,Macrophage M2_CIBERSORT,-0.0300062708834978,0.79161058531031,80,"",Macrophage M2
UVM,Myeloid dendritic cell resting_CIBERSORT,0.0980833737140066,0.386727734608142,80,"",Myeloid dendritic cell resting
UVM,Mast cell activated_CIBERSORT,-0.0312341779539437,0.783287614315174,80,"",Mast cell activated
UVM,Mast cell resting_CIBERSORT,-0.0096099462785169,0.932576920322096,80,"",Mast cell resting
UVM,Eosinophil_CIBERSORT,-0.0142770098312137,0.899974096983635,80,"",Eosinophil
UVM,Neutrophil_CIBERSORT,-0.0250061139289903,0.825734252900602,80,"",Neutrophil
