Hugo_Symbol,GATA2-High,GATA2-Low,pval,or,ci.up,ci.low,adjPval
BAP1,18,2,0.000141814906815869,9.9629100540845,89.9203766373357,2.32699758991865,0.103383067068768
TP53,38,69,0.000517352184231947,0.437669055196415,0.714338904441953,0.265320266788431,0.188574871152545
CPS1,9,0,0.00167335247257865,Inf,Inf,2.05833800037984,0.406624650836611
CACNA1S,0,9,0.00352802796850173,0,0.497095522636713,0,0.438024039794637
LRP1B,8,24,0.00478705161973371,0.306833868112559,0.73174121367678,0.115641648780605,0.438024039794637
TRIM66,0,8,0.00721918641780636,0,0.577773497589514,0,0.438024039794637
VCAN,0,8,0.00721918641780636,0,0.577773497589514,0,0.438024039794637
ABCB5,1,10,0.0105584196607399,0.0965054807616088,0.691316122435072,0.00220555460759053,0.438024039794637
ASAP1,0,7,0.0147287724189069,0,0.687700482300484,0,0.438024039794637
GRIN3A,0,7,0.0147287724189069,0,0.687700482300484,0,0.438024039794637
IL21R,0,7,0.0147287724189069,0,0.687700482300484,0,0.438024039794637
MAP3K4,0,7,0.0147287724189069,0,0.687700482300484,0,0.438024039794637
NLRP2,0,7,0.0147287724189069,0,0.687700482300484,0,0.438024039794637
PEAK1,0,7,0.0147287724189069,0,0.687700482300484,0,0.438024039794637
WBSCR17,0,7,0.0147287724189069,0,0.687700482300484,0,0.438024039794637
CAND1,1,9,0.0198088908626169,0.107844977496746,0.792628622272972,0.00244018112164602,0.438024039794637
COL6A5,1,9,0.0198088908626169,0.107844977496746,0.792628622272972,0.00244018112164602,0.438024039794637
OBSCN,11,25,0.0213354555640799,0.409371126145229,0.896986870671673,0.175622049692168,0.438024039794637
MUC16,22,39,0.0241075046310988,0.510809459760785,0.932097149362641,0.274185934483718,0.438024039794637
NBEA,4,14,0.0269034678483707,0.273467042419839,0.894105377837101,0.0642577086295444,0.438024039794637
AKAP13,5,0,0.0295297913012085,Inf,Inf,0.936884823281089,0.438024039794637
ANKRD50,5,0,0.0295297913012085,Inf,Inf,0.936884823281089,0.438024039794637
CHRNA7,5,0,0.0295297913012085,Inf,Inf,0.936884823281089,0.438024039794637
CSPG4,5,0,0.0295297913012085,Inf,Inf,0.936884823281089,0.438024039794637
FZR1,5,0,0.0295297913012085,Inf,Inf,0.936884823281089,0.438024039794637
PAX3,5,0,0.0295297913012085,Inf,Inf,0.936884823281089,0.438024039794637
CACNA1I,0,6,0.0299624833687265,0,0.845850858987292,0,0.438024039794637
CHST3,0,6,0.0299624833687265,0,0.845850858987292,0,0.438024039794637
CLTCL1,0,6,0.0299624833687265,0,0.845850858987292,0,0.438024039794637
FAM135B,0,6,0.0299624833687265,0,0.845850858987292,0,0.438024039794637
FAM171B,0,6,0.0299624833687265,0,0.845850858987292,0,0.438024039794637
FAT1,0,6,0.0299624833687265,0,0.845850858987292,0,0.438024039794637
GRM1,0,6,0.0299624833687265,0,0.845850858987292,0,0.438024039794637
KNTC1,0,6,0.0299624833687265,0,0.845850858987292,0,0.438024039794637
LAMC2,0,6,0.0299624833687265,0,0.845850858987292,0,0.438024039794637
NOS2,0,6,0.0299624833687265,0,0.845850858987292,0,0.438024039794637
PDE11A,0,6,0.0299624833687265,0,0.845850858987292,0,0.438024039794637
PKD2L2,0,6,0.0299624833687265,0,0.845850858987292,0,0.438024039794637
RPS6KA3,3,12,0.0315273358496609,0.240816049757644,0.914015086043164,0.0428678638337303,0.438024039794637
BSN,2,10,0.0354899371318713,0.193944613328758,0.929347999338765,0.0203764958135544,0.438024039794637
FRAS1,5,15,0.0359657088531006,0.318863614615261,0.949368347477847,0.0886334958139297,0.438024039794637
DENND4A,7,1,0.0362308701529161,7.29540253794857,331.536846091721,0.921772794634677,0.438024039794637
SORCS1,7,1,0.0362308701529161,7.29540253794857,331.536846091721,0.921772794634677,0.438024039794637
ANK1,1,8,0.0367484540122434,0.122016672020077,0.926170953805013,0.00272702455405294,0.438024039794637
ASTN1,1,8,0.0367484540122434,0.122016672020077,0.926170953805013,0.00272702455405294,0.438024039794637
PCNXL2,1,8,0.0367484540122434,0.122016672020077,0.926170953805013,0.00272702455405294,0.438024039794637
SHANK1,1,8,0.0367484540122434,0.122016672020077,0.926170953805013,0.00272702455405294,0.438024039794637
VPS13A,1,8,0.0367484540122434,0.122016672020077,0.926170953805013,0.00272702455405294,0.438024039794637
ZFYVE26,1,8,0.0367484540122434,0.122016672020077,0.926170953805013,0.00272702455405294,0.438024039794637
DOCK2,6,16,0.0454899546632764,0.35852727241573,0.993893432271663,0.11209870014069,0.438024039794637
MYT1L,13,5,0.0560278364206777,2.75021020662423,10.0716491170828,0.895536108878243,0.438024039794637
TTN,42,59,0.0605078948823548,0.634173223590525,1.03456859305629,0.386325225775667,0.438024039794637
PLA2G4A,8,2,0.060702094132325,4.17307508339947,40.9056543211985,0.81685439833912,0.438024039794637
ADAM23,0,5,0.0607760926386449,0,1.0917646437302,0,0.438024039794637
AP5Z1,0,5,0.0607760926386449,0,1.0917646437302,0,0.438024039794637
ARHGAP33,0,5,0.0607760926386449,0,1.0917646437302,0,0.438024039794637
ASAH2,0,5,0.0607760926386449,0,1.0917646437302,0,0.438024039794637
ATP6V0A1,0,5,0.0607760926386449,0,1.0917646437302,0,0.438024039794637
BMP7,0,5,0.0607760926386449,0,1.0917646437302,0,0.438024039794637
CLK4,0,5,0.0607760926386449,0,1.0917646437302,0,0.438024039794637
CNOT2,0,5,0.0607760926386449,0,1.0917646437302,0,0.438024039794637
DDX60L,0,5,0.0607760926386449,0,1.0917646437302,0,0.438024039794637
ELL2,0,5,0.0607760926386449,0,1.0917646437302,0,0.438024039794637
HHIP,0,5,0.0607760926386449,0,1.0917646437302,0,0.438024039794637
IQGAP3,0,5,0.0607760926386449,0,1.0917646437302,0,0.438024039794637
IRF2,0,5,0.0607760926386449,0,1.0917646437302,0,0.438024039794637
ITGA9,0,5,0.0607760926386449,0,1.0917646437302,0,0.438024039794637
KIAA2026,0,5,0.0607760926386449,0,1.0917646437302,0,0.438024039794637
KIF6,0,5,0.0607760926386449,0,1.0917646437302,0,0.438024039794637
LOXHD1,0,5,0.0607760926386449,0,1.0917646437302,0,0.438024039794637
LTBP2,0,5,0.0607760926386449,0,1.0917646437302,0,0.438024039794637
MAP1S,0,5,0.0607760926386449,0,1.0917646437302,0,0.438024039794637
MST1R,0,5,0.0607760926386449,0,1.0917646437302,0,0.438024039794637
OR10G8,0,5,0.0607760926386449,0,1.0917646437302,0,0.438024039794637
OR10H1,0,5,0.0607760926386449,0,1.0917646437302,0,0.438024039794637
OTOF,0,5,0.0607760926386449,0,1.0917646437302,0,0.438024039794637
PDE10A,0,5,0.0607760926386449,0,1.0917646437302,0,0.438024039794637
PLXNB1,0,5,0.0607760926386449,0,1.0917646437302,0,0.438024039794637
PPM1H,0,5,0.0607760926386449,0,1.0917646437302,0,0.438024039794637
SLC26A4,0,5,0.0607760926386449,0,1.0917646437302,0,0.438024039794637
SLC2A2,0,5,0.0607760926386449,0,1.0917646437302,0,0.438024039794637
SLC2A6,0,5,0.0607760926386449,0,1.0917646437302,0,0.438024039794637
SOGA1,0,5,0.0607760926386449,0,1.0917646437302,0,0.438024039794637
TMEM132A,0,5,0.0607760926386449,0,1.0917646437302,0,0.438024039794637
TNFRSF21,0,5,0.0607760926386449,0,1.0917646437302,0,0.438024039794637
TSHZ3,0,5,0.0607760926386449,0,1.0917646437302,0,0.438024039794637
TTC21A,0,5,0.0607760926386449,0,1.0917646437302,0,0.438024039794637
XPO5,0,5,0.0607760926386449,0,1.0917646437302,0,0.438024039794637
CTNND2,2,9,0.0614360112710634,0.216722392336501,1.06841046938893,0.0224728898078254,0.438024039794637
KIF19,2,9,0.0614360112710634,0.216722392336501,1.06841046938893,0.0224728898078254,0.438024039794637
RANBP2,2,9,0.0614360112710634,0.216722392336501,1.06841046938893,0.0224728898078254,0.438024039794637
ZNF831,2,9,0.0614360112710634,0.216722392336501,1.06841046938893,0.0224728898078254,0.438024039794637
AXIN1,8,18,0.0651449167670719,0.424506571608164,1.06048686888637,0.155198378642684,0.438024039794637
AIM1,6,1,0.0665323385069625,6.21819930910981,288.39756067812,0.742730211445376,0.438024039794637
BRINP2,6,1,0.0665323385069625,6.21819930910981,288.39756067812,0.742730211445376,0.438024039794637
CFB,6,1,0.0665323385069625,6.21819930910981,288.39756067812,0.742730211445376,0.438024039794637
DSEL,6,1,0.0665323385069625,6.21819930910981,288.39756067812,0.742730211445376,0.438024039794637
FLNC,6,1,0.0665323385069625,6.21819930910981,288.39756067812,0.742730211445376,0.438024039794637
GPR179,6,1,0.0665323385069625,6.21819930910981,288.39756067812,0.742730211445376,0.438024039794637
ITPR2,6,1,0.0665323385069625,6.21819930910981,288.39756067812,0.742730211445376,0.438024039794637
KDR,6,1,0.0665323385069625,6.21819930910981,288.39756067812,0.742730211445376,0.438024039794637
KIF26A,6,1,0.0665323385069625,6.21819930910981,288.39756067812,0.742730211445376,0.438024039794637
OR5D18,6,1,0.0665323385069625,6.21819930910981,288.39756067812,0.742730211445376,0.438024039794637
SLITRK4,6,1,0.0665323385069625,6.21819930910981,288.39756067812,0.742730211445376,0.438024039794637
TLR8,6,1,0.0665323385069625,6.21819930910981,288.39756067812,0.742730211445376,0.438024039794637
ZNF135,6,1,0.0665323385069625,6.21819930910981,288.39756067812,0.742730211445376,0.438024039794637
ABCA7,1,7,0.0672958744266109,0.140233285833099,1.1098739338792,0.00308569808389531,0.438024039794637
CLSTN2,1,7,0.0672958744266109,0.140233285833099,1.1098739338792,0.00308569808389531,0.438024039794637
COBLL1,1,7,0.0672958744266109,0.140233285833099,1.1098739338792,0.00308569808389531,0.438024039794637
DMXL1,1,7,0.0672958744266109,0.140233285833099,1.1098739338792,0.00308569808389531,0.438024039794637
IGSF9B,1,7,0.0672958744266109,0.140233285833099,1.1098739338792,0.00308569808389531,0.438024039794637
UTP20,1,7,0.0672958744266109,0.140233285833099,1.1098739338792,0.00308569808389531,0.438024039794637
DNAH10,4,12,0.0703812191459593,0.322781160527217,1.09222937008137,0.0744018810961745,0.454052289888534
APC,9,3,0.0855880657377838,3.13276604924017,18.2912022345736,0.764989296424903,0.494273195923532
LZTR1,9,3,0.0855880657377838,3.13276604924017,18.2912022345736,0.764989296424903,0.494273195923532
UNC79,9,3,0.0855880657377838,3.13276604924017,18.2912022345736,0.764989296424903,0.494273195923532
SPTBN1,3,10,0.086492591623188,0.292327373575895,1.16126354119339,0.0508365425411333,0.494273195923532
ABCA12,5,13,0.0880182059115784,0.372245244752093,1.14312963888245,0.101655487472854,0.494273195923532
KEAP1,5,13,0.0880182059115784,0.372245244752093,1.14312963888245,0.101655487472854,0.494273195923532
HMCN1,8,17,0.0955697690603258,0.452179093943713,1.14197346346203,0.164177804205408,0.494273195923532
ANK3,7,2,0.103516771865474,3.63178426859252,36.2920602380707,0.678738215252455,0.494273195923532
CTTNBP2,7,2,0.103516771865474,3.63178426859252,36.2920602380707,0.678738215252455,0.494273195923532
MAST4,7,2,0.103516771865474,3.63178426859252,36.2920602380707,0.678738215252455,0.494273195923532
SCN10A,7,2,0.103516771865474,3.63178426859252,36.2920602380707,0.678738215252455,0.494273195923532
COL16A1,2,8,0.10450670661075,0.245187205808298,1.25261559757385,0.0250202653232779,0.494273195923532
KIT,2,8,0.10450670661075,0.245187205808298,1.25261559757385,0.0250202653232779,0.494273195923532
LAMA5,2,8,0.10450670661075,0.245187205808298,1.25261559757385,0.0250202653232779,0.494273195923532
MAN2A1,2,8,0.10450670661075,0.245187205808298,1.25261559757385,0.0250202653232779,0.494273195923532
MYH1,2,8,0.10450670661075,0.245187205808298,1.25261559757385,0.0250202653232779,0.494273195923532
ZNF638,2,8,0.10450670661075,0.245187205808298,1.25261559757385,0.0250202653232779,0.494273195923532
NOS1,10,4,0.109797242243151,2.61239715262178,11.635986582941,0.735749699491325,0.494273195923532
TG,4,11,0.1108348099541,0.354146278887329,1.22486293498738,0.0806282732890662,0.494273195923532
CTNNB1,40,54,0.118890630766318,0.677079023426213,1.11657228053064,0.408133476644216,0.494273195923532
ATF7IP,5,1,0.120308587066475,5.15329198344463,245.740109143177,0.568460371931984,0.494273195923532
C16orf96,5,1,0.120308587066475,5.15329198344463,245.740109143177,0.568460371931984,0.494273195923532
CDH1,5,1,0.120308587066475,5.15329198344463,245.740109143177,0.568460371931984,0.494273195923532
CHUK,5,1,0.120308587066475,5.15329198344463,245.740109143177,0.568460371931984,0.494273195923532
COL4A4,5,1,0.120308587066475,5.15329198344463,245.740109143177,0.568460371931984,0.494273195923532
COL5A3,5,1,0.120308587066475,5.15329198344463,245.740109143177,0.568460371931984,0.494273195923532
DCAF6,5,1,0.120308587066475,5.15329198344463,245.740109143177,0.568460371931984,0.494273195923532
DPP6,5,1,0.120308587066475,5.15329198344463,245.740109143177,0.568460371931984,0.494273195923532
EBF1,5,1,0.120308587066475,5.15329198344463,245.740109143177,0.568460371931984,0.494273195923532
GBP2,5,1,0.120308587066475,5.15329198344463,245.740109143177,0.568460371931984,0.494273195923532
GPRC6A,5,1,0.120308587066475,5.15329198344463,245.740109143177,0.568460371931984,0.494273195923532
GTF3C1,5,1,0.120308587066475,5.15329198344463,245.740109143177,0.568460371931984,0.494273195923532
LGSN,5,1,0.120308587066475,5.15329198344463,245.740109143177,0.568460371931984,0.494273195923532
LHCGR,5,1,0.120308587066475,5.15329198344463,245.740109143177,0.568460371931984,0.494273195923532
NMUR2,5,1,0.120308587066475,5.15329198344463,245.740109143177,0.568460371931984,0.494273195923532
PLEKHA5,5,1,0.120308587066475,5.15329198344463,245.740109143177,0.568460371931984,0.494273195923532
PRRC2B,5,1,0.120308587066475,5.15329198344463,245.740109143177,0.568460371931984,0.494273195923532
SCN5A,5,1,0.120308587066475,5.15329198344463,245.740109143177,0.568460371931984,0.494273195923532
SF3B3,5,1,0.120308587066475,5.15329198344463,245.740109143177,0.568460371931984,0.494273195923532
SMG7,5,1,0.120308587066475,5.15329198344463,245.740109143177,0.568460371931984,0.494273195923532
TRDN,5,1,0.120308587066475,5.15329198344463,245.740109143177,0.568460371931984,0.494273195923532
USP24,5,1,0.120308587066475,5.15329198344463,245.740109143177,0.568460371931984,0.494273195923532
ARHGEF10L,1,6,0.121364749067644,0.164515356599498,1.37733568421784,0.0035470436323797,0.494273195923532
ARHGEF12,1,6,0.121364749067644,0.164515356599498,1.37733568421784,0.0035470436323797,0.494273195923532
BRPF1,1,6,0.121364749067644,0.164515356599498,1.37733568421784,0.0035470436323797,0.494273195923532
C12orf55,1,6,0.121364749067644,0.164515356599498,1.37733568421784,0.0035470436323797,0.494273195923532
CNTN2,1,6,0.121364749067644,0.164515356599498,1.37733568421784,0.0035470436323797,0.494273195923532
COL20A1,1,6,0.121364749067644,0.164515356599498,1.37733568421784,0.0035470436323797,0.494273195923532
EXO1,1,6,0.121364749067644,0.164515356599498,1.37733568421784,0.0035470436323797,0.494273195923532
FBN3,1,6,0.121364749067644,0.164515356599498,1.37733568421784,0.0035470436323797,0.494273195923532
GRM8,1,6,0.121364749067644,0.164515356599498,1.37733568421784,0.0035470436323797,0.494273195923532
JARID2,1,6,0.121364749067644,0.164515356599498,1.37733568421784,0.0035470436323797,0.494273195923532
KIAA1551,1,6,0.121364749067644,0.164515356599498,1.37733568421784,0.0035470436323797,0.494273195923532
KTN1,1,6,0.121364749067644,0.164515356599498,1.37733568421784,0.0035470436323797,0.494273195923532
LAMB2,1,6,0.121364749067644,0.164515356599498,1.37733568421784,0.0035470436323797,0.494273195923532
MCM7,1,6,0.121364749067644,0.164515356599498,1.37733568421784,0.0035470436323797,0.494273195923532
MYO15A,1,6,0.121364749067644,0.164515356599498,1.37733568421784,0.0035470436323797,0.494273195923532
MYOCD,1,6,0.121364749067644,0.164515356599498,1.37733568421784,0.0035470436323797,0.494273195923532
NSD1,1,6,0.121364749067644,0.164515356599498,1.37733568421784,0.0035470436323797,0.494273195923532
NTRK2,1,6,0.121364749067644,0.164515356599498,1.37733568421784,0.0035470436323797,0.494273195923532
PRDM16,1,6,0.121364749067644,0.164515356599498,1.37733568421784,0.0035470436323797,0.494273195923532
PTEN,1,6,0.121364749067644,0.164515356599498,1.37733568421784,0.0035470436323797,0.494273195923532
SCN2A,1,6,0.121364749067644,0.164515356599498,1.37733568421784,0.0035470436323797,0.494273195923532
SOS1,1,6,0.121364749067644,0.164515356599498,1.37733568421784,0.0035470436323797,0.494273195923532
TECTA,1,6,0.121364749067644,0.164515356599498,1.37733568421784,0.0035470436323797,0.494273195923532
ZNF835,1,6,0.121364749067644,0.164515356599498,1.37733568421784,0.0035470436323797,0.494273195923532
FAT2,5,12,0.133984663551367,0.405595765914909,1.26986745050771,0.109501604110378,0.53963988800523
LRP2,5,12,0.133984663551367,0.405595765914909,1.26986745050771,0.109501604110378,0.53963988800523
AHCTF1,8,3,0.138130352269232,2.76907133148223,16.4731886940462,0.650904033887759,0.547266450023208
KIAA1217,8,3,0.138130352269232,2.76907133148223,16.4731886940462,0.650904033887759,0.547266450023208
TENM2,8,3,0.138130352269232,2.76907133148223,16.4731886940462,0.650904033887759,0.547266450023208
KMT2D,6,13,0.155765401738556,0.44908665784572,1.30242954491175,0.136650978953923,0.585768574577238
DNAH14,9,4,0.169784350237498,2.33788116268062,10.5892761804714,0.63769058145285,0.585768574577238
SETD2,4,10,0.171034081654047,0.391770897197054,1.39105368393612,0.087959926023197,0.585768574577238
ABCB1,6,2,0.172969245705949,3.09569423032015,31.766891564926,0.543994519994629,0.585768574577238
ANKRD30B,6,2,0.172969245705949,3.09569423032015,31.766891564926,0.543994519994629,0.585768574577238
ATP10A,6,2,0.172969245705949,3.09569423032015,31.766891564926,0.543994519994629,0.585768574577238
CENPF,6,2,0.172969245705949,3.09569423032015,31.766891564926,0.543994519994629,0.585768574577238
COL11A2,6,2,0.172969245705949,3.09569423032015,31.766891564926,0.543994519994629,0.585768574577238
FNDC1,6,2,0.172969245705949,3.09569423032015,31.766891564926,0.543994519994629,0.585768574577238
MYO6,6,2,0.172969245705949,3.09569423032015,31.766891564926,0.543994519994629,0.585768574577238
NES,6,2,0.172969245705949,3.09569423032015,31.766891564926,0.543994519994629,0.585768574577238
SPEN,6,2,0.172969245705949,3.09569423032015,31.766891564926,0.543994519994629,0.585768574577238
CHPF,2,7,0.174211845876897,0.281712139016789,1.50736258335308,0.0281780138741985,0.585768574577238
DYSF,2,7,0.174211845876897,0.281712139016789,1.50736258335308,0.0281780138741985,0.585768574577238
MAGI2,2,7,0.174211845876897,0.281712139016789,1.50736258335308,0.0281780138741985,0.585768574577238
MYO7A,2,7,0.174211845876897,0.281712139016789,1.50736258335308,0.0281780138741985,0.585768574577238
NID2,2,7,0.174211845876897,0.281712139016789,1.50736258335308,0.0281780138741985,0.585768574577238
PCDHA13,2,7,0.174211845876897,0.281712139016789,1.50736258335308,0.0281780138741985,0.585768574577238
PTPRZ1,2,7,0.174211845876897,0.281712139016789,1.50736258335308,0.0281780138741985,0.585768574577238
SALL1,2,7,0.174211845876897,0.281712139016789,1.50736258335308,0.0281780138741985,0.585768574577238
TRPM6,2,7,0.174211845876897,0.281712139016789,1.50736258335308,0.0281780138741985,0.585768574577238
UBR4,2,7,0.174211845876897,0.281712139016789,1.50736258335308,0.0281780138741985,0.585768574577238
ZNF521,2,7,0.174211845876897,0.281712139016789,1.50736258335308,0.0281780138741985,0.585768574577238
PXDNL,10,5,0.198509281529267,2.07918521841531,7.91944810649523,0.631638517694014,0.585768574577238
TRPA1,10,5,0.198509281529267,2.07918521841531,7.91944810649523,0.631638517694014,0.585768574577238
FCGBP,5,11,0.199832709732008,0.444999933851352,1.42533533787608,0.118622407142752,0.585768574577238
SPEG,5,11,0.199832709732008,0.444999933851352,1.42533533787608,0.118622407142752,0.585768574577238
SYNE1,5,11,0.199832709732008,0.444999933851352,1.42533533787608,0.118622407142752,0.585768574577238
ALB,18,27,0.202139283901963,0.638303507430389,1.25798701192136,0.317197379772987,0.585768574577238
ADARB2,1,5,0.214844138988237,0.19849840466392,1.79942060002544,0.00416250955738939,0.585768574577238
ADCY3,1,5,0.214844138988237,0.19849840466392,1.79942060002544,0.00416250955738939,0.585768574577238
ADRA1D,1,5,0.214844138988237,0.19849840466392,1.79942060002544,0.00416250955738939,0.585768574577238
AKAP9,1,5,0.214844138988237,0.19849840466392,1.79942060002544,0.00416250955738939,0.585768574577238
APAF1,1,5,0.214844138988237,0.19849840466392,1.79942060002544,0.00416250955738939,0.585768574577238
ARHGAP35,1,5,0.214844138988237,0.19849840466392,1.79942060002544,0.00416250955738939,0.585768574577238
ATP1A2,1,5,0.214844138988237,0.19849840466392,1.79942060002544,0.00416250955738939,0.585768574577238
BMPER,1,5,0.214844138988237,0.19849840466392,1.79942060002544,0.00416250955738939,0.585768574577238
CADM2,1,5,0.214844138988237,0.19849840466392,1.79942060002544,0.00416250955738939,0.585768574577238
CCDC141,1,5,0.214844138988237,0.19849840466392,1.79942060002544,0.00416250955738939,0.585768574577238
CD5L,1,5,0.214844138988237,0.19849840466392,1.79942060002544,0.00416250955738939,0.585768574577238
CFH,1,5,0.214844138988237,0.19849840466392,1.79942060002544,0.00416250955738939,0.585768574577238
CHRM3,1,5,0.214844138988237,0.19849840466392,1.79942060002544,0.00416250955738939,0.585768574577238
CLCN1,1,5,0.214844138988237,0.19849840466392,1.79942060002544,0.00416250955738939,0.585768574577238
EFCAB13,1,5,0.214844138988237,0.19849840466392,1.79942060002544,0.00416250955738939,0.585768574577238
FBXO38,1,5,0.214844138988237,0.19849840466392,1.79942060002544,0.00416250955738939,0.585768574577238
FIG4,1,5,0.214844138988237,0.19849840466392,1.79942060002544,0.00416250955738939,0.585768574577238
FLT4,1,5,0.214844138988237,0.19849840466392,1.79942060002544,0.00416250955738939,0.585768574577238
FRYL,1,5,0.214844138988237,0.19849840466392,1.79942060002544,0.00416250955738939,0.585768574577238
HEATR1,1,5,0.214844138988237,0.19849840466392,1.79942060002544,0.00416250955738939,0.585768574577238
HIP1,1,5,0.214844138988237,0.19849840466392,1.79942060002544,0.00416250955738939,0.585768574577238
HIVEP1,1,5,0.214844138988237,0.19849840466392,1.79942060002544,0.00416250955738939,0.585768574577238
IQSEC2,1,5,0.214844138988237,0.19849840466392,1.79942060002544,0.00416250955738939,0.585768574577238
KIAA0556,1,5,0.214844138988237,0.19849840466392,1.79942060002544,0.00416250955738939,0.585768574577238
KIAA1377,1,5,0.214844138988237,0.19849840466392,1.79942060002544,0.00416250955738939,0.585768574577238
KIAA1549L,1,5,0.214844138988237,0.19849840466392,1.79942060002544,0.00416250955738939,0.585768574577238
KIAA2018,1,5,0.214844138988237,0.19849840466392,1.79942060002544,0.00416250955738939,0.585768574577238
KIF21B,1,5,0.214844138988237,0.19849840466392,1.79942060002544,0.00416250955738939,0.585768574577238
MAP3K15,1,5,0.214844138988237,0.19849840466392,1.79942060002544,0.00416250955738939,0.585768574577238
MDC1,1,5,0.214844138988237,0.19849840466392,1.79942060002544,0.00416250955738939,0.585768574577238
MYO16,1,5,0.214844138988237,0.19849840466392,1.79942060002544,0.00416250955738939,0.585768574577238
OSBPL7,1,5,0.214844138988237,0.19849840466392,1.79942060002544,0.00416250955738939,0.585768574577238
OVCH1,1,5,0.214844138988237,0.19849840466392,1.79942060002544,0.00416250955738939,0.585768574577238
PCDH10,1,5,0.214844138988237,0.19849840466392,1.79942060002544,0.00416250955738939,0.585768574577238
PCDHGA4,1,5,0.214844138988237,0.19849840466392,1.79942060002544,0.00416250955738939,0.585768574577238
PGR,1,5,0.214844138988237,0.19849840466392,1.79942060002544,0.00416250955738939,0.585768574577238
POSTN,1,5,0.214844138988237,0.19849840466392,1.79942060002544,0.00416250955738939,0.585768574577238
PPP1R3A,1,5,0.214844138988237,0.19849840466392,1.79942060002544,0.00416250955738939,0.585768574577238
PTK2,1,5,0.214844138988237,0.19849840466392,1.79942060002544,0.00416250955738939,0.585768574577238
PTK2B,1,5,0.214844138988237,0.19849840466392,1.79942060002544,0.00416250955738939,0.585768574577238
RFC1,1,5,0.214844138988237,0.19849840466392,1.79942060002544,0.00416250955738939,0.585768574577238
RTKN2,1,5,0.214844138988237,0.19849840466392,1.79942060002544,0.00416250955738939,0.585768574577238
SEMA7A,1,5,0.214844138988237,0.19849840466392,1.79942060002544,0.00416250955738939,0.585768574577238
SEZ6L2,1,5,0.214844138988237,0.19849840466392,1.79942060002544,0.00416250955738939,0.585768574577238
SH3RF3,1,5,0.214844138988237,0.19849840466392,1.79942060002544,0.00416250955738939,0.585768574577238
SLC4A10,1,5,0.214844138988237,0.19849840466392,1.79942060002544,0.00416250955738939,0.585768574577238
SMARCA2,1,5,0.214844138988237,0.19849840466392,1.79942060002544,0.00416250955738939,0.585768574577238
VWF,1,5,0.214844138988237,0.19849840466392,1.79942060002544,0.00416250955738939,0.585768574577238
WT1,1,5,0.214844138988237,0.19849840466392,1.79942060002544,0.00416250955738939,0.585768574577238
ZNF7,1,5,0.214844138988237,0.19849840466392,1.79942060002544,0.00416250955738939,0.585768574577238
JAK1,7,3,0.218019224068964,2.40956483505022,14.6736639112648,0.539266167420793,0.585768574577238
NLGN4X,7,3,0.218019224068964,2.40956483505022,14.6736639112648,0.539266167420793,0.585768574577238
NUP133,7,3,0.218019224068964,2.40956483505022,14.6736639112648,0.539266167420793,0.585768574577238
PTCHD2,7,3,0.218019224068964,2.40956483505022,14.6736639112648,0.539266167420793,0.585768574577238
RASA1,7,3,0.218019224068964,2.40956483505022,14.6736639112648,0.539266167420793,0.585768574577238
TCF20,7,3,0.218019224068964,2.40956483505022,14.6736639112648,0.539266167420793,0.585768574577238
WDFY4,7,3,0.218019224068964,2.40956483505022,14.6736639112648,0.539266167420793,0.585768574577238
DMBT1,3,8,0.219361894183246,0.369526262535244,1.57207883779741,0.062117053298711,0.585768574577238
THSD7B,3,8,0.219361894183246,0.369526262535244,1.57207883779741,0.062117053298711,0.585768574577238
ZNF208,3,8,0.219361894183246,0.369526262535244,1.57207883779741,0.062117053298711,0.585768574577238
KMT2C,11,6,0.224542331465264,1.906794298147,6.42828149606647,0.629426913624608,0.597413721307217
DNAH8,6,12,0.225917578830944,0.489323317210879,1.44778785899132,0.147126654475564,0.598886963519121
MUC5B,12,7,0.248172317083805,1.7837173812637,5.48462129745192,0.629436946600457,0.628338999727207
PKHD1L1,7,13,0.249584218621856,0.526791743971957,1.46238422238813,0.173468510278444,0.628338999727207
RYR3,7,13,0.249584218621856,0.526791743971957,1.46238422238813,0.173468510278444,0.628338999727207
WDR87,7,13,0.249584218621856,0.526791743971957,1.46238422238813,0.173468510278444,0.628338999727207
CDH18,8,4,0.256636467319843,2.06650606048624,9.55458060083977,0.541580217221244,0.628338999727207
DCC,8,4,0.256636467319843,2.06650606048624,9.55458060083977,0.541580217221244,0.628338999727207
CACNA2D1,4,9,0.258032928335906,0.437745555378251,1.60491789042124,0.096646937443453,0.628338999727207
ITPR3,4,9,0.258032928335906,0.437745555378251,1.60491789042124,0.096646937443453,0.628338999727207
PCDH7,4,9,0.258032928335906,0.437745555378251,1.60491789042124,0.096646937443453,0.628338999727207
AKAP6,5,2,0.282165413745596,2.56593356532904,27.2915489659811,0.413376607370514,0.628338999727207
ASCC3,5,2,0.282165413745596,2.56593356532904,27.2915489659811,0.413376607370514,0.628338999727207
ASXL3,5,2,0.282165413745596,2.56593356532904,27.2915489659811,0.413376607370514,0.628338999727207
AXIN2,5,2,0.282165413745596,2.56593356532904,27.2915489659811,0.413376607370514,0.628338999727207
CHSY3,5,2,0.282165413745596,2.56593356532904,27.2915489659811,0.413376607370514,0.628338999727207
CNTN5,5,2,0.282165413745596,2.56593356532904,27.2915489659811,0.413376607370514,0.628338999727207
DNHD1,5,2,0.282165413745596,2.56593356532904,27.2915489659811,0.413376607370514,0.628338999727207
EIF2AK4,5,2,0.282165413745596,2.56593356532904,27.2915489659811,0.413376607370514,0.628338999727207
KIAA1210,5,2,0.282165413745596,2.56593356532904,27.2915489659811,0.413376607370514,0.628338999727207
LRIT1,5,2,0.282165413745596,2.56593356532904,27.2915489659811,0.413376607370514,0.628338999727207
MED13,5,2,0.282165413745596,2.56593356532904,27.2915489659811,0.413376607370514,0.628338999727207
MYOM1,5,2,0.282165413745596,2.56593356532904,27.2915489659811,0.413376607370514,0.628338999727207
NCOA3,5,2,0.282165413745596,2.56593356532904,27.2915489659811,0.413376607370514,0.628338999727207
NOS3,5,2,0.282165413745596,2.56593356532904,27.2915489659811,0.413376607370514,0.628338999727207
NXF3,5,2,0.282165413745596,2.56593356532904,27.2915489659811,0.413376607370514,0.628338999727207
PTPRN2,5,2,0.282165413745596,2.56593356532904,27.2915489659811,0.413376607370514,0.628338999727207
RECQL4,5,2,0.282165413745596,2.56593356532904,27.2915489659811,0.413376607370514,0.628338999727207
RFX7,5,2,0.282165413745596,2.56593356532904,27.2915489659811,0.413376607370514,0.628338999727207
TMPRSS7,5,2,0.282165413745596,2.56593356532904,27.2915489659811,0.413376607370514,0.628338999727207
ZNF687,5,2,0.282165413745596,2.56593356532904,27.2915489659811,0.413376607370514,0.628338999727207
ABCC8,2,6,0.283571372990742,0.330472032533236,1.8806222805334,0.0322070825168928,0.628338999727207
AFF2,2,6,0.283571372990742,0.330472032533236,1.8806222805334,0.0322070825168928,0.628338999727207
AMER1,2,6,0.283571372990742,0.330472032533236,1.8806222805334,0.0322070825168928,0.628338999727207
AMPH,2,6,0.283571372990742,0.330472032533236,1.8806222805334,0.0322070825168928,0.628338999727207
AOX1,2,6,0.283571372990742,0.330472032533236,1.8806222805334,0.0322070825168928,0.628338999727207
ATP2B2,2,6,0.283571372990742,0.330472032533236,1.8806222805334,0.0322070825168928,0.628338999727207
BPTF,2,6,0.283571372990742,0.330472032533236,1.8806222805334,0.0322070825168928,0.628338999727207
CNTNAP5,2,6,0.283571372990742,0.330472032533236,1.8806222805334,0.0322070825168928,0.628338999727207
DHX57,2,6,0.283571372990742,0.330472032533236,1.8806222805334,0.0322070825168928,0.628338999727207
FER1L6,2,6,0.283571372990742,0.330472032533236,1.8806222805334,0.0322070825168928,0.628338999727207
KIAA0368,2,6,0.283571372990742,0.330472032533236,1.8806222805334,0.0322070825168928,0.628338999727207
LRRC7,2,6,0.283571372990742,0.330472032533236,1.8806222805334,0.0322070825168928,0.628338999727207
MYH14,2,6,0.283571372990742,0.330472032533236,1.8806222805334,0.0322070825168928,0.628338999727207
NUP214,2,6,0.283571372990742,0.330472032533236,1.8806222805334,0.0322070825168928,0.628338999727207
PCDHA8,2,6,0.283571372990742,0.330472032533236,1.8806222805334,0.0322070825168928,0.628338999727207
PLA2R1,2,6,0.283571372990742,0.330472032533236,1.8806222805334,0.0322070825168928,0.628338999727207
PLEC,2,6,0.283571372990742,0.330472032533236,1.8806222805334,0.0322070825168928,0.628338999727207
RBL2,2,6,0.283571372990742,0.330472032533236,1.8806222805334,0.0322070825168928,0.628338999727207
SLIT2,2,6,0.283571372990742,0.330472032533236,1.8806222805334,0.0322070825168928,0.628338999727207
SPECC1,2,6,0.283571372990742,0.330472032533236,1.8806222805334,0.0322070825168928,0.628338999727207
THADA,2,6,0.283571372990742,0.330472032533236,1.8806222805334,0.0322070825168928,0.628338999727207
TLL1,2,6,0.283571372990742,0.330472032533236,1.8806222805334,0.0322070825168928,0.628338999727207
VAV3,2,6,0.283571372990742,0.330472032533236,1.8806222805334,0.0322070825168928,0.628338999727207
WDR17,2,6,0.283571372990742,0.330472032533236,1.8806222805334,0.0322070825168928,0.628338999727207
WNK2,2,6,0.283571372990742,0.330472032533236,1.8806222805334,0.0322070825168928,0.628338999727207
AHNAK,9,5,0.290008512509501,1.86072576126728,7.21742863295644,0.546786430214936,0.634192190042754
COL6A3,9,5,0.290008512509501,1.86072576126728,7.21742863295644,0.546786430214936,0.634192190042754
FN1,9,5,0.290008512509501,1.86072576126728,7.21742863295644,0.546786430214936,0.634192190042754
NPAP1,9,5,0.290008512509501,1.86072576126728,7.21742863295644,0.546786430214936,0.634192190042754
KMT2B,5,10,0.29143262505394,0.492276997752714,1.6204312270541,0.129244046540885,0.634192190042754
TPO,5,10,0.29143262505394,0.492276997752714,1.6204312270541,0.129244046540885,0.634192190042754
SYNE2,10,6,0.319117705072372,1.72359017177544,5.90557429071237,0.553155122732567,0.676498285223071
NEB,6,11,0.32055412772985,0.536856371775748,1.62632134446636,0.159249449085249,0.676498285223071
ADAM18,6,3,0.335439218057373,2.05412145349803,12.8934079714988,0.430575340141732,0.676498285223071
ANO4,6,3,0.335439218057373,2.05412145349803,12.8934079714988,0.430575340141732,0.676498285223071
CEP350,6,3,0.335439218057373,2.05412145349803,12.8934079714988,0.430575340141732,0.676498285223071
HDAC9,6,3,0.335439218057373,2.05412145349803,12.8934079714988,0.430575340141732,0.676498285223071
HSPG2,6,3,0.335439218057373,2.05412145349803,12.8934079714988,0.430575340141732,0.676498285223071
MAP2,6,3,0.335439218057373,2.05412145349803,12.8934079714988,0.430575340141732,0.676498285223071
PCDHA5,6,3,0.335439218057373,2.05412145349803,12.8934079714988,0.430575340141732,0.676498285223071
POTEH,6,3,0.335439218057373,2.05412145349803,12.8934079714988,0.430575340141732,0.676498285223071
TEK,6,3,0.335439218057373,2.05412145349803,12.8934079714988,0.430575340141732,0.676498285223071
TENM1,6,3,0.335439218057373,2.05412145349803,12.8934079714988,0.430575340141732,0.676498285223071
TNN,6,3,0.335439218057373,2.05412145349803,12.8934079714988,0.430575340141732,0.676498285223071
VPS13B,6,3,0.335439218057373,2.05412145349803,12.8934079714988,0.430575340141732,0.676498285223071
ADAM12,3,7,0.336857170831241,0.424637441339333,1.89737062235953,0.0697301562280534,0.676498285223071
ADAMTS20,3,7,0.336857170831241,0.424637441339333,1.89737062235953,0.0697301562280534,0.676498285223071
CR1,3,7,0.336857170831241,0.424637441339333,1.89737062235953,0.0697301562280534,0.676498285223071
CYLC1,3,7,0.336857170831241,0.424637441339333,1.89737062235953,0.0697301562280534,0.676498285223071
ELTD1,3,7,0.336857170831241,0.424637441339333,1.89737062235953,0.0697301562280534,0.676498285223071
FLNB,3,7,0.336857170831241,0.424637441339333,1.89737062235953,0.0697301562280534,0.676498285223071
GRIA1,3,7,0.336857170831241,0.424637441339333,1.89737062235953,0.0697301562280534,0.676498285223071
MUC6,3,7,0.336857170831241,0.424637441339333,1.89737062235953,0.0697301562280534,0.676498285223071
MYH4,3,7,0.336857170831241,0.424637441339333,1.89737062235953,0.0697301562280534,0.676498285223071
MYH6,3,7,0.336857170831241,0.424637441339333,1.89737062235953,0.0697301562280534,0.676498285223071
PDE4DIP,3,7,0.336857170831241,0.424637441339333,1.89737062235953,0.0697301562280534,0.676498285223071
SAGE1,3,7,0.336857170831241,0.424637441339333,1.89737062235953,0.0697301562280534,0.676498285223071
SEZ6L,3,7,0.336857170831241,0.424637441339333,1.89737062235953,0.0697301562280534,0.676498285223071
WDFY3,3,7,0.336857170831241,0.424637441339333,1.89737062235953,0.0697301562280534,0.676498285223071
ARID2,7,12,0.346178453846467,0.573978798744381,1.62656411503981,0.18667112371438,0.689519379382718
DNAH5,7,12,0.346178453846467,0.573978798744381,1.62656411503981,0.18667112371438,0.689519379382718
RB1,7,12,0.346178453846467,0.573978798744381,1.62656411503981,0.18667112371438,0.689519379382718
ANK2,7,4,0.378132635196999,1.79826196180653,8.53130434800947,0.447697108356822,0.733906180001913
CHD9,7,4,0.378132635196999,1.79826196180653,8.53130434800947,0.447697108356822,0.733906180001913
NCOR2,7,4,0.378132635196999,1.79826196180653,8.53130434800947,0.447697108356822,0.733906180001913
SF3B1,7,4,0.378132635196999,1.79826196180653,8.53130434800947,0.447697108356822,0.733906180001913
TENM3,7,4,0.378132635196999,1.79826196180653,8.53130434800947,0.447697108356822,0.733906180001913
CADPS,4,8,0.379537215172457,0.49519668950049,1.88951478529969,0.10710481689918,0.733906180001913
CNGA3,4,8,0.379537215172457,0.49519668950049,1.88951478529969,0.10710481689918,0.733906180001913
DHX9,4,8,0.379537215172457,0.49519668950049,1.88951478529969,0.10710481689918,0.733906180001913
ITPR1,4,8,0.379537215172457,0.49519668950049,1.88951478529969,0.10710481689918,0.733906180001913
SORCS3,4,8,0.379537215172457,0.49519668950049,1.88951478529969,0.10710481689918,0.733906180001913
TTC40,4,8,0.379537215172457,0.49519668950049,1.88951478529969,0.10710481689918,0.733906180001913
DNAH7,9,14,0.389241255446683,0.632251872636512,1.61804021077225,0.234556210149772,0.750679564075746
KNDC1,8,5,0.413249570271278,1.64478626336619,6.52351714759272,0.463673224894289,0.760436198727224
MUC2,8,5,0.413249570271278,1.64478626336619,6.52351714759272,0.463673224894289,0.760436198727224
ZFHX4,8,5,0.413249570271278,1.64478626336619,6.52351714759272,0.463673224894289,0.760436198727224
HECTD4,5,9,0.414630852363254,0.550034871000625,1.87182296190712,0.141805511021396,0.760436198727224
MYO3A,9,6,0.44274458290063,1.54251392945119,5.38703189401753,0.478343867099488,0.760436198727224
ACACB,2,5,0.44854261378972,0.398673646799571,2.47471342464893,0.0374812153580004,0.760436198727224
ARAP3,2,5,0.44854261378972,0.398673646799571,2.47471342464893,0.0374812153580004,0.760436198727224
ATP10B,2,5,0.44854261378972,0.398673646799571,2.47471342464893,0.0374812153580004,0.760436198727224
B4GALNT3,2,5,0.44854261378972,0.398673646799571,2.47471342464893,0.0374812153580004,0.760436198727224
C10orf90,2,5,0.44854261378972,0.398673646799571,2.47471342464893,0.0374812153580004,0.760436198727224
C1orf94,2,5,0.44854261378972,0.398673646799571,2.47471342464893,0.0374812153580004,0.760436198727224
CCDC13,2,5,0.44854261378972,0.398673646799571,2.47471342464893,0.0374812153580004,0.760436198727224
CCT3,2,5,0.44854261378972,0.398673646799571,2.47471342464893,0.0374812153580004,0.760436198727224
CDKN1A,2,5,0.44854261378972,0.398673646799571,2.47471342464893,0.0374812153580004,0.760436198727224
CEP250,2,5,0.44854261378972,0.398673646799571,2.47471342464893,0.0374812153580004,0.760436198727224
CHD4,2,5,0.44854261378972,0.398673646799571,2.47471342464893,0.0374812153580004,0.760436198727224
CNOT1,2,5,0.44854261378972,0.398673646799571,2.47471342464893,0.0374812153580004,0.760436198727224
CNTN6,2,5,0.44854261378972,0.398673646799571,2.47471342464893,0.0374812153580004,0.760436198727224
COL3A1,2,5,0.44854261378972,0.398673646799571,2.47471342464893,0.0374812153580004,0.760436198727224
DDX50,2,5,0.44854261378972,0.398673646799571,2.47471342464893,0.0374812153580004,0.760436198727224
DIP2C,2,5,0.44854261378972,0.398673646799571,2.47471342464893,0.0374812153580004,0.760436198727224
DPP10,2,5,0.44854261378972,0.398673646799571,2.47471342464893,0.0374812153580004,0.760436198727224
ENGASE,2,5,0.44854261378972,0.398673646799571,2.47471342464893,0.0374812153580004,0.760436198727224
F5,2,5,0.44854261378972,0.398673646799571,2.47471342464893,0.0374812153580004,0.760436198727224
FAM83H,2,5,0.44854261378972,0.398673646799571,2.47471342464893,0.0374812153580004,0.760436198727224
FCRL1,2,5,0.44854261378972,0.398673646799571,2.47471342464893,0.0374812153580004,0.760436198727224
GABRA1,2,5,0.44854261378972,0.398673646799571,2.47471342464893,0.0374812153580004,0.760436198727224
GABRQ,2,5,0.44854261378972,0.398673646799571,2.47471342464893,0.0374812153580004,0.760436198727224
HCN4,2,5,0.44854261378972,0.398673646799571,2.47471342464893,0.0374812153580004,0.760436198727224
IGDCC3,2,5,0.44854261378972,0.398673646799571,2.47471342464893,0.0374812153580004,0.760436198727224
IPO7,2,5,0.44854261378972,0.398673646799571,2.47471342464893,0.0374812153580004,0.760436198727224
KANSL1,2,5,0.44854261378972,0.398673646799571,2.47471342464893,0.0374812153580004,0.760436198727224
KMT2E,2,5,0.44854261378972,0.398673646799571,2.47471342464893,0.0374812153580004,0.760436198727224
MACC1,2,5,0.44854261378972,0.398673646799571,2.47471342464893,0.0374812153580004,0.760436198727224
MAGEL2,2,5,0.44854261378972,0.398673646799571,2.47471342464893,0.0374812153580004,0.760436198727224
MED13L,2,5,0.44854261378972,0.398673646799571,2.47471342464893,0.0374812153580004,0.760436198727224
MYH11,2,5,0.44854261378972,0.398673646799571,2.47471342464893,0.0374812153580004,0.760436198727224
MYO1E,2,5,0.44854261378972,0.398673646799571,2.47471342464893,0.0374812153580004,0.760436198727224
NTRK3,2,5,0.44854261378972,0.398673646799571,2.47471342464893,0.0374812153580004,0.760436198727224
PDE1C,2,5,0.44854261378972,0.398673646799571,2.47471342464893,0.0374812153580004,0.760436198727224
PDZRN3,2,5,0.44854261378972,0.398673646799571,2.47471342464893,0.0374812153580004,0.760436198727224
PHIP,2,5,0.44854261378972,0.398673646799571,2.47471342464893,0.0374812153580004,0.760436198727224
PRKD2,2,5,0.44854261378972,0.398673646799571,2.47471342464893,0.0374812153580004,0.760436198727224
RBP3,2,5,0.44854261378972,0.398673646799571,2.47471342464893,0.0374812153580004,0.760436198727224
RICTOR,2,5,0.44854261378972,0.398673646799571,2.47471342464893,0.0374812153580004,0.760436198727224
SCN9A,2,5,0.44854261378972,0.398673646799571,2.47471342464893,0.0374812153580004,0.760436198727224
SH3TC2,2,5,0.44854261378972,0.398673646799571,2.47471342464893,0.0374812153580004,0.760436198727224
STXBP3,2,5,0.44854261378972,0.398673646799571,2.47471342464893,0.0374812153580004,0.760436198727224
SVIL,2,5,0.44854261378972,0.398673646799571,2.47471342464893,0.0374812153580004,0.760436198727224
TJP1,2,5,0.44854261378972,0.398673646799571,2.47471342464893,0.0374812153580004,0.760436198727224
WAPAL,2,5,0.44854261378972,0.398673646799571,2.47471342464893,0.0374812153580004,0.760436198727224
ZNF227,2,5,0.44854261378972,0.398673646799571,2.47471342464893,0.0374812153580004,0.760436198727224
COL6A6,7,11,0.469268704570988,0.629729329683109,1.82822274668748,0.201882668275655,0.780745674716923
UNC80,7,11,0.469268704570988,0.629729329683109,1.82822274668748,0.201882668275655,0.780745674716923
AHNAK2,8,12,0.491069806683385,0.659588082071356,1.80632381253735,0.227685648685697,0.780745674716923
ANKRD26,5,3,0.501026402906606,1.70269780212652,11.1333976618381,0.32561219056346,0.780745674716923
CABIN1,5,3,0.501026402906606,1.70269780212652,11.1333976618381,0.32561219056346,0.780745674716923
CNTLN,5,3,0.501026402906606,1.70269780212652,11.1333976618381,0.32561219056346,0.780745674716923
FCRL5,5,3,0.501026402906606,1.70269780212652,11.1333976618381,0.32561219056346,0.780745674716923
FHAD1,5,3,0.501026402906606,1.70269780212652,11.1333976618381,0.32561219056346,0.780745674716923
FLG2,5,3,0.501026402906606,1.70269780212652,11.1333976618381,0.32561219056346,0.780745674716923
FSTL5,5,3,0.501026402906606,1.70269780212652,11.1333976618381,0.32561219056346,0.780745674716923
IDH1,5,3,0.501026402906606,1.70269780212652,11.1333976618381,0.32561219056346,0.780745674716923
INSRR,5,3,0.501026402906606,1.70269780212652,11.1333976618381,0.32561219056346,0.780745674716923
NPAS3,5,3,0.501026402906606,1.70269780212652,11.1333976618381,0.32561219056346,0.780745674716923
RGSL1,5,3,0.501026402906606,1.70269780212652,11.1333976618381,0.32561219056346,0.780745674716923
SPTAN1,5,3,0.501026402906606,1.70269780212652,11.1333976618381,0.32561219056346,0.780745674716923
SPTBN4,5,3,0.501026402906606,1.70269780212652,11.1333976618381,0.32561219056346,0.780745674716923
TRIOBP,5,3,0.501026402906606,1.70269780212652,11.1333976618381,0.32561219056346,0.780745674716923
ZNF99,5,3,0.501026402906606,1.70269780212652,11.1333976618381,0.32561219056346,0.780745674716923
ALK,3,6,0.502290427218432,0.498082976944356,2.37615971606893,0.0793527873947822,0.780745674716923
ATP8A2,3,6,0.502290427218432,0.498082976944356,2.37615971606893,0.0793527873947822,0.780745674716923
C20orf26,3,6,0.502290427218432,0.498082976944356,2.37615971606893,0.0793527873947822,0.780745674716923
CEP290,3,6,0.502290427218432,0.498082976944356,2.37615971606893,0.0793527873947822,0.780745674716923
CNTN1,3,6,0.502290427218432,0.498082976944356,2.37615971606893,0.0793527873947822,0.780745674716923
COL15A1,3,6,0.502290427218432,0.498082976944356,2.37615971606893,0.0793527873947822,0.780745674716923
COL9A1,3,6,0.502290427218432,0.498082976944356,2.37615971606893,0.0793527873947822,0.780745674716923
DOCK10,3,6,0.502290427218432,0.498082976944356,2.37615971606893,0.0793527873947822,0.780745674716923
DYNC1H1,3,6,0.502290427218432,0.498082976944356,2.37615971606893,0.0793527873947822,0.780745674716923
FHOD3,3,6,0.502290427218432,0.498082976944356,2.37615971606893,0.0793527873947822,0.780745674716923
GCN1L1,3,6,0.502290427218432,0.498082976944356,2.37615971606893,0.0793527873947822,0.780745674716923
HELZ,3,6,0.502290427218432,0.498082976944356,2.37615971606893,0.0793527873947822,0.780745674716923
IGSF3,3,6,0.502290427218432,0.498082976944356,2.37615971606893,0.0793527873947822,0.780745674716923
MEGF8,3,6,0.502290427218432,0.498082976944356,2.37615971606893,0.0793527873947822,0.780745674716923
MRC2,3,6,0.502290427218432,0.498082976944356,2.37615971606893,0.0793527873947822,0.780745674716923
PLCB4,3,6,0.502290427218432,0.498082976944356,2.37615971606893,0.0793527873947822,0.780745674716923
PTPRC,3,6,0.502290427218432,0.498082976944356,2.37615971606893,0.0793527873947822,0.780745674716923
SEMA3A,3,6,0.502290427218432,0.498082976944356,2.37615971606893,0.0793527873947822,0.780745674716923
TTC3,3,6,0.502290427218432,0.498082976944356,2.37615971606893,0.0793527873947822,0.780745674716923
UNC45B,3,6,0.502290427218432,0.498082976944356,2.37615971606893,0.0793527873947822,0.780745674716923
VWA5B2,3,6,0.502290427218432,0.498082976944356,2.37615971606893,0.0793527873947822,0.780745674716923
ADCY8,6,4,0.541278695730556,1.53305898933372,7.5201291797923,0.356468862692613,0.808718766297864
COL4A5,6,4,0.541278695730556,1.53305898933372,7.5201291797923,0.356468862692613,0.808718766297864
CTNNA2,6,4,0.541278695730556,1.53305898933372,7.5201291797923,0.356468862692613,0.808718766297864
EEF1A1,6,4,0.541278695730556,1.53305898933372,7.5201291797923,0.356468862692613,0.808718766297864
EPB41L3,6,4,0.541278695730556,1.53305898933372,7.5201291797923,0.356468862692613,0.808718766297864
KIAA1244,6,4,0.541278695730556,1.53305898933372,7.5201291797923,0.356468862692613,0.808718766297864
NFE2L2,6,4,0.541278695730556,1.53305898933372,7.5201291797923,0.356468862692613,0.808718766297864
NOTCH3,6,4,0.541278695730556,1.53305898933372,7.5201291797923,0.356468862692613,0.808718766297864
ROBO1,6,4,0.541278695730556,1.53305898933372,7.5201291797923,0.356468862692613,0.808718766297864
TAF1L,6,4,0.541278695730556,1.53305898933372,7.5201291797923,0.356468862692613,0.808718766297864
TRIP12,6,4,0.541278695730556,1.53305898933372,7.5201291797923,0.356468862692613,0.808718766297864
ZNF804B,6,4,0.541278695730556,1.53305898933372,7.5201291797923,0.356468862692613,0.808718766297864
GPR98,11,15,0.542177775962815,0.725203275767443,1.7470595157493,0.29191284766694,0.808718766297864
ADAMTS19,4,7,0.542473904965234,0.569025860316657,2.2856032405848,0.119942473107966,0.808718766297864
ATG2B,4,7,0.542473904965234,0.569025860316657,2.2856032405848,0.119942473107966,0.808718766297864
GABRG1,4,7,0.542473904965234,0.569025860316657,2.2856032405848,0.119942473107966,0.808718766297864
HRNR,4,7,0.542473904965234,0.569025860316657,2.2856032405848,0.119942473107966,0.808718766297864
RELN,4,7,0.542473904965234,0.569025860316657,2.2856032405848,0.119942473107966,0.808718766297864
REV3L,4,7,0.542473904965234,0.569025860316657,2.2856032405848,0.119942473107966,0.808718766297864
RIMS1,4,7,0.542473904965234,0.569025860316657,2.2856032405848,0.119942473107966,0.808718766297864
XIRP2,16,13,0.566835052799579,1.26790998916532,2.96502296180229,0.551989528363739,0.833476553838395
CSMD3,13,17,0.56802769023577,0.756029610743701,1.71349410389861,0.326215613153895,0.833476553838395
ATR,7,5,0.572807419795539,1.43131320186349,5.83637134488194,0.382622550060903,0.833476553838395
CHL1,7,5,0.572807419795539,1.43131320186349,5.83637134488194,0.382622550060903,0.833476553838395
MYH15,7,5,0.572807419795539,1.43131320186349,5.83637134488194,0.382622550060903,0.833476553838395
DNAH17,5,8,0.573944074110939,0.622204763010886,2.20713591249119,0.156892636390895,0.833476553838395
GLI2,5,8,0.573944074110939,0.622204763010886,2.20713591249119,0.156892636390895,0.833476553838395
LPHN3,5,8,0.573944074110939,0.622204763010886,2.20713591249119,0.156892636390895,0.833476553838395
MUC4,5,8,0.573944074110939,0.622204763010886,2.20713591249119,0.156892636390895,0.833476553838395
MYH7,5,8,0.573944074110939,0.622204763010886,2.20713591249119,0.156892636390895,0.833476553838395
OTOGL,5,8,0.573944074110939,0.622204763010886,2.20713591249119,0.156892636390895,0.833476553838395
PTPN13,5,8,0.573944074110939,0.622204763010886,2.20713591249119,0.156892636390895,0.833476553838395
TDRD5,5,8,0.573944074110939,0.622204763010886,2.20713591249119,0.156892636390895,0.833476553838395
CACNA1B,8,6,0.598341370595941,1.36352116775296,4.87485805553429,0.40516943607946,0.860203056959736
EPHA4,8,6,0.598341370595941,1.36352116775296,4.87485805553429,0.40516943607946,0.860203056959736
POLQ,8,6,0.598341370595941,1.36352116775296,4.87485805553429,0.40516943607946,0.860203056959736
COL12A1,6,9,0.599428193327224,0.663547858691532,2.13982333917671,0.189998193225202,0.860203056959736
FBN1,6,9,0.599428193327224,0.663547858691532,2.13982333917671,0.189998193225202,0.860203056959736
MUC17,6,9,0.599428193327224,0.663547858691532,2.13982333917671,0.189998193225202,0.860203056959736
PCLO,18,22,0.615468707967994,0.80843730042489,1.64719266041421,0.392192884462797,0.881486617109366
FMN2,9,7,0.619547918039551,1.31513476767569,4.25667330455063,0.42486542414973,0.88558908284477
DNAH6,10,8,0.637510573371029,1.27887889814914,3.8269365167227,0.442281918527671,0.905602092805917
FREM2,10,8,0.637510573371029,1.27887889814914,3.8269365167227,0.442281918527671,0.905602092805917
HTT,10,8,0.637510573371029,1.27887889814914,3.8269365167227,0.442281918527671,0.905602092805917
HERC2,8,11,0.638517799317204,0.723648988417963,2.03155694857736,0.246104505698467,0.905602092805917
DMD,11,9,0.65296784971315,1.2507113742478,3.51045471783036,0.45783088865736,0.922424732877115
RYR1,13,11,0.678316982017127,1.20982112422391,3.07576949205556,0.484516370233267,0.922424732877115
SPTA1,13,11,0.678316982017127,1.20982112422391,3.07576949205556,0.484516370233267,0.922424732877115
APOB,18,16,0.721716474400767,1.15266509989902,2.50892105363874,0.533939927827293,0.922424732877115
C2CD3,3,5,0.723494681788018,0.600843578767998,3.14186804320554,0.0918886950998127,0.922424732877115
CCDC80,3,5,0.723494681788018,0.600843578767998,3.14186804320554,0.0918886950998127,0.922424732877115
CHD5,3,5,0.723494681788018,0.600843578767998,3.14186804320554,0.0918886950998127,0.922424732877115
DBN1,3,5,0.723494681788018,0.600843578767998,3.14186804320554,0.0918886950998127,0.922424732877115
DMXL2,3,5,0.723494681788018,0.600843578767998,3.14186804320554,0.0918886950998127,0.922424732877115
DNAH3,3,5,0.723494681788018,0.600843578767998,3.14186804320554,0.0918886950998127,0.922424732877115
DOCK4,3,5,0.723494681788018,0.600843578767998,3.14186804320554,0.0918886950998127,0.922424732877115
EGFLAM,3,5,0.723494681788018,0.600843578767998,3.14186804320554,0.0918886950998127,0.922424732877115
EML5,3,5,0.723494681788018,0.600843578767998,3.14186804320554,0.0918886950998127,0.922424732877115
EPG5,3,5,0.723494681788018,0.600843578767998,3.14186804320554,0.0918886950998127,0.922424732877115
EPHB3,3,5,0.723494681788018,0.600843578767998,3.14186804320554,0.0918886950998127,0.922424732877115
EPPK1,3,5,0.723494681788018,0.600843578767998,3.14186804320554,0.0918886950998127,0.922424732877115
FBXL7,3,5,0.723494681788018,0.600843578767998,3.14186804320554,0.0918886950998127,0.922424732877115
FILIP1,3,5,0.723494681788018,0.600843578767998,3.14186804320554,0.0918886950998127,0.922424732877115
IGF2R,3,5,0.723494681788018,0.600843578767998,3.14186804320554,0.0918886950998127,0.922424732877115
ITGAD,3,5,0.723494681788018,0.600843578767998,3.14186804320554,0.0918886950998127,0.922424732877115
ITIH5,3,5,0.723494681788018,0.600843578767998,3.14186804320554,0.0918886950998127,0.922424732877115
KCNT1,3,5,0.723494681788018,0.600843578767998,3.14186804320554,0.0918886950998127,0.922424732877115
LAMA2,3,5,0.723494681788018,0.600843578767998,3.14186804320554,0.0918886950998127,0.922424732877115
MECOM,3,5,0.723494681788018,0.600843578767998,3.14186804320554,0.0918886950998127,0.922424732877115
MGAM,3,5,0.723494681788018,0.600843578767998,3.14186804320554,0.0918886950998127,0.922424732877115
NLRP3,3,5,0.723494681788018,0.600843578767998,3.14186804320554,0.0918886950998127,0.922424732877115
OR51G1,3,5,0.723494681788018,0.600843578767998,3.14186804320554,0.0918886950998127,0.922424732877115
PCDH18,3,5,0.723494681788018,0.600843578767998,3.14186804320554,0.0918886950998127,0.922424732877115
PSD2,3,5,0.723494681788018,0.600843578767998,3.14186804320554,0.0918886950998127,0.922424732877115
SCRIB,3,5,0.723494681788018,0.600843578767998,3.14186804320554,0.0918886950998127,0.922424732877115
SLC26A7,3,5,0.723494681788018,0.600843578767998,3.14186804320554,0.0918886950998127,0.922424732877115
SLC8A1,3,5,0.723494681788018,0.600843578767998,3.14186804320554,0.0918886950998127,0.922424732877115
SPTBN5,3,5,0.723494681788018,0.600843578767998,3.14186804320554,0.0918886950998127,0.922424732877115
TLN1,3,5,0.723494681788018,0.600843578767998,3.14186804320554,0.0918886950998127,0.922424732877115
TRPM8,3,5,0.723494681788018,0.600843578767998,3.14186804320554,0.0918886950998127,0.922424732877115
ZNF804A,3,5,0.723494681788018,0.600843578767998,3.14186804320554,0.0918886950998127,0.922424732877115
ZSWIM6,3,5,0.723494681788018,0.600843578767998,3.14186804320554,0.0918886950998127,0.922424732877115
ADAMTS9,5,4,0.749723186258412,1.27082231357307,6.51562406826458,0.268585253653978,0.922424732877115
ATRNL1,5,4,0.749723186258412,1.27082231357307,6.51562406826458,0.268585253653978,0.922424732877115
CELSR2,5,4,0.749723186258412,1.27082231357307,6.51562406826458,0.268585253653978,0.922424732877115
CRB1,5,4,0.749723186258412,1.27082231357307,6.51562406826458,0.268585253653978,0.922424732877115
GPR158,5,4,0.749723186258412,1.27082231357307,6.51562406826458,0.268585253653978,0.922424732877115
GRIA2,5,4,0.749723186258412,1.27082231357307,6.51562406826458,0.268585253653978,0.922424732877115
HECW2,5,4,0.749723186258412,1.27082231357307,6.51562406826458,0.268585253653978,0.922424732877115
HGF,5,4,0.749723186258412,1.27082231357307,6.51562406826458,0.268585253653978,0.922424732877115
HNF1A,5,4,0.749723186258412,1.27082231357307,6.51562406826458,0.268585253653978,0.922424732877115
IL6ST,5,4,0.749723186258412,1.27082231357307,6.51562406826458,0.268585253653978,0.922424732877115
KANK1,5,4,0.749723186258412,1.27082231357307,6.51562406826458,0.268585253653978,0.922424732877115
MROH2B,5,4,0.749723186258412,1.27082231357307,6.51562406826458,0.268585253653978,0.922424732877115
MYH8,5,4,0.749723186258412,1.27082231357307,6.51562406826458,0.268585253653978,0.922424732877115
NAV3,5,4,0.749723186258412,1.27082231357307,6.51562406826458,0.268585253653978,0.922424732877115
NLRP12,5,4,0.749723186258412,1.27082231357307,6.51562406826458,0.268585253653978,0.922424732877115
PTPN14,5,4,0.749723186258412,1.27082231357307,6.51562406826458,0.268585253653978,0.922424732877115
PTPRT,5,4,0.749723186258412,1.27082231357307,6.51562406826458,0.268585253653978,0.922424732877115
RNF213,5,4,0.749723186258412,1.27082231357307,6.51562406826458,0.268585253653978,0.922424732877115
SPAG17,5,4,0.749723186258412,1.27082231357307,6.51562406826458,0.268585253653978,0.922424732877115
SPHKAP,5,4,0.749723186258412,1.27082231357307,6.51562406826458,0.268585253653978,0.922424732877115
SRCAP,5,4,0.749723186258412,1.27082231357307,6.51562406826458,0.268585253653978,0.922424732877115
TACC2,5,4,0.749723186258412,1.27082231357307,6.51562406826458,0.268585253653978,0.922424732877115
ZFPM2,5,4,0.749723186258412,1.27082231357307,6.51562406826458,0.268585253653978,0.922424732877115
ZNF318,5,4,0.749723186258412,1.27082231357307,6.51562406826458,0.268585253653978,0.922424732877115
ALMS1,4,6,0.750440311799219,0.667416566595297,2.87034497028645,0.13611667406251,0.922424732877115
BRD7,4,6,0.750440311799219,0.667416566595297,2.87034497028645,0.13611667406251,0.922424732877115
BRINP3,4,6,0.750440311799219,0.667416566595297,2.87034497028645,0.13611667406251,0.922424732877115
CDH7,4,6,0.750440311799219,0.667416566595297,2.87034497028645,0.13611667406251,0.922424732877115
COL7A1,4,6,0.750440311799219,0.667416566595297,2.87034497028645,0.13611667406251,0.922424732877115
DOCK8,4,6,0.750440311799219,0.667416566595297,2.87034497028645,0.13611667406251,0.922424732877115
DUSP27,4,6,0.750440311799219,0.667416566595297,2.87034497028645,0.13611667406251,0.922424732877115
EVPL,4,6,0.750440311799219,0.667416566595297,2.87034497028645,0.13611667406251,0.922424732877115
FSIP2,4,6,0.750440311799219,0.667416566595297,2.87034497028645,0.13611667406251,0.922424732877115
HERC1,4,6,0.750440311799219,0.667416566595297,2.87034497028645,0.13611667406251,0.922424732877115
IGF1R,4,6,0.750440311799219,0.667416566595297,2.87034497028645,0.13611667406251,0.922424732877115
MKI67,4,6,0.750440311799219,0.667416566595297,2.87034497028645,0.13611667406251,0.922424732877115
PKD1L1,4,6,0.750440311799219,0.667416566595297,2.87034497028645,0.13611667406251,0.922424732877115
SDK2,4,6,0.750440311799219,0.667416566595297,2.87034497028645,0.13611667406251,0.922424732877115
SEMA3E,4,6,0.750440311799219,0.667416566595297,2.87034497028645,0.13611667406251,0.922424732877115
COL5A1,6,5,0.769922222324471,1.22024879081608,5.15432034801863,0.30396975059868,0.922424732877115
MXRA5,6,5,0.769922222324471,1.22024879081608,5.15432034801863,0.30396975059868,0.922424732877115
SLC9C1,6,5,0.769922222324471,1.22024879081608,5.15432034801863,0.30396975059868,0.922424732877115
STAB2,6,5,0.769922222324471,1.22024879081608,5.15432034801863,0.30396975059868,0.922424732877115
TENM4,6,5,0.769922222324471,1.22024879081608,5.15432034801863,0.30396975059868,0.922424732877115
TMEM132D,6,5,0.769922222324471,1.22024879081608,5.15432034801863,0.30396975059868,0.922424732877115
ABCA4,5,7,0.770585270675121,0.714955029855488,2.67449332278352,0.17538934972303,0.922424732877115
ATM,5,7,0.770585270675121,0.714955029855488,2.67449332278352,0.17538934972303,0.922424732877115
C3,5,7,0.770585270675121,0.714955029855488,2.67449332278352,0.17538934972303,0.922424732877115
EVC2,5,7,0.770585270675121,0.714955029855488,2.67449332278352,0.17538934972303,0.922424732877115
GLI3,5,7,0.770585270675121,0.714955029855488,2.67449332278352,0.17538934972303,0.922424732877115
KIAA0947,5,7,0.770585270675121,0.714955029855488,2.67449332278352,0.17538934972303,0.922424732877115
MYO10,5,7,0.770585270675121,0.714955029855488,2.67449332278352,0.17538934972303,0.922424732877115
MYO18B,5,7,0.770585270675121,0.714955029855488,2.67449332278352,0.17538934972303,0.922424732877115
NLGN1,5,7,0.770585270675121,0.714955029855488,2.67449332278352,0.17538934972303,0.922424732877115
PLCB1,5,7,0.770585270675121,0.714955029855488,2.67449332278352,0.17538934972303,0.922424732877115
PREX1,5,7,0.770585270675121,0.714955029855488,2.67449332278352,0.17538934972303,0.922424732877115
ROBO2,5,7,0.770585270675121,0.714955029855488,2.67449332278352,0.17538934972303,0.922424732877115
SI,5,7,0.770585270675121,0.714955029855488,2.67449332278352,0.17538934972303,0.922424732877115
CSMD2,7,6,0.785740661547119,1.18656496778448,4.3678510033461,0.333858485706791,0.927601426481593
LRRK2,7,6,0.785740661547119,1.18656496778448,4.3678510033461,0.333858485706791,0.927601426481593
MYCBP2,7,6,0.785740661547119,1.18656496778448,4.3678510033461,0.333858485706791,0.927601426481593
TSC2,7,6,0.785740661547119,1.18656496778448,4.3678510033461,0.333858485706791,0.927601426481593
DCHS2,6,8,0.786361703107852,0.7506020808561,2.52602511448464,0.209948074710512,0.927601426481593
DNAH1,6,8,0.786361703107852,0.7506020808561,2.52602511448464,0.209948074710512,0.927601426481593
PLXNA4,6,8,0.786361703107852,0.7506020808561,2.52602511448464,0.209948074710512,0.927601426481593
PTPRB,6,8,0.786361703107852,0.7506020808561,2.52602511448464,0.209948074710512,0.927601426481593
RP1,6,8,0.786361703107852,0.7506020808561,2.52602511448464,0.209948074710512,0.927601426481593
DCHS1,7,9,0.799136962560161,0.778323824142621,2.40923712457119,0.240470262863978,0.938117303874971
DNAH9,7,9,0.799136962560161,0.778323824142621,2.40923712457119,0.240470262863978,0.938117303874971
FAT4,7,9,0.799136962560161,0.778323824142621,2.40923712457119,0.240470262863978,0.938117303874971
PKHD1,9,8,0.809186640196852,1.14453689015628,3.49718589242669,0.381854741949316,0.94448797953873
EYS,8,10,0.809746210166949,0.800498996201373,2.31468043590235,0.26752925869561,0.94448797953873
LAMA1,8,10,0.809746210166949,0.800498996201373,2.31468043590235,0.26752925869561,0.94448797953873
PREX2,8,10,0.809746210166949,0.800498996201373,2.31468043590235,0.26752925869561,0.94448797953873
FBN2,9,11,0.818732012536315,0.818640917178011,2.23638161295068,0.291668858319926,0.951922866250357
PCDH15,9,11,0.818732012536315,0.818640917178011,2.23638161295068,0.291668858319926,0.951922866250357
CUBN,11,10,0.825947629035677,1.11940625957166,3.02608469227889,0.419123455749412,0.958783155361478
CSMD1,11,13,0.833204243601429,0.846549215720626,2.1138691460364,0.332978793905196,0.964136339024511
USH2A,11,13,0.833204243601429,0.846549215720626,2.1138691460364,0.332978793905196,0.964136339024511
RYR2,17,16,0.856870175421531,1.08203961124397,2.37548079964316,0.495055402815633,0.989949854013147
COL11A1,9,10,1,0.905579830457143,2.54962156883656,0.316856081399721,1
FASN,9,10,1,0.905579830457143,2.54962156883656,0.316856081399721,1
LRP1,9,10,1,0.905579830457143,2.54962156883656,0.316856081399721,1
BIRC6,10,10,1,1.01187250895143,2.78664784457786,0.367422483143032,1
GPR112,6,6,1,1.01159634205252,3.86457284920258,0.264753774135055,1
KIAA1109,6,6,1,1.01159634205252,3.86457284920258,0.264753774135055,1
KIF26B,7,7,1,1.01166417219933,3.45907278989848,0.295877673990312,1
NF1,6,6,1,1.01159634205252,3.86457284920258,0.264753774135055,1
PCDH11Y,6,6,1,1.01159634205252,3.86457284920258,0.264753774135055,1
PCDHB16,6,6,1,1.01159634205252,3.86457284920258,0.264753774135055,1
RGPD4,7,7,1,1.01166417219933,3.45907278989848,0.295877673990312,1
SDK1,10,10,1,1.01187250895143,2.78664784457786,0.367422483143032,1
SEMA6D,6,6,1,1.01159634205252,3.86457284920258,0.264753774135055,1
STAB1,6,6,1,1.01159634205252,3.86457284920258,0.264753774135055,1
ACVR2A,5,6,1,0.838563811074373,3.36608185150507,0.198523074717997,1
ADCY2,5,6,1,0.838563811074373,3.36608185150507,0.198523074717997,1
ARID1A,14,15,1,0.93916168148654,2.16136719146369,0.405737545717535,1
CACNA1E,14,14,1,1.01216215112666,2.37007165777364,0.432253695249121,1
CELSR3,5,6,1,0.838563811074373,3.36608185150507,0.198523074717997,1
CR2,5,6,1,0.838563811074373,3.36608185150507,0.198523074717997,1
DCDC1,5,6,1,0.838563811074373,3.36608185150507,0.198523074717997,1
DIDO1,5,6,1,0.838563811074373,3.36608185150507,0.198523074717997,1
DSCAM,5,6,1,0.838563811074373,3.36608185150507,0.198523074717997,1
DYNC2H1,8,8,1,1.01173280055943,3.17067685261838,0.322835835336108,1
FANCM,5,6,1,0.838563811074373,3.36608185150507,0.198523074717997,1
FGA,5,6,1,0.838563811074373,3.36608185150507,0.198523074717997,1
IRX1,5,6,1,0.838563811074373,3.36608185150507,0.198523074717997,1
KMT2A,5,6,1,0.838563811074373,3.36608185150507,0.198523074717997,1
LRRIQ1,8,8,1,1.01173280055943,3.17067685261838,0.322835835336108,1
PIK3CA,5,6,1,0.838563811074373,3.36608185150507,0.198523074717997,1
PRKDC,11,11,1,1.01194361835332,2.65201351679744,0.386138133929707,1
SACS,5,6,1,0.838563811074373,3.36608185150507,0.198523074717997,1
SMARCA4,5,6,1,0.838563811074373,3.36608185150507,0.198523074717997,1
SVEP1,5,6,1,0.838563811074373,3.36608185150507,0.198523074717997,1
SYCP2,5,6,1,0.838563811074373,3.36608185150507,0.198523074717997,1
USP34,5,6,1,0.838563811074373,3.36608185150507,0.198523074717997,1
ZNF91,5,6,1,0.838563811074373,3.36608185150507,0.198523074717997,1
ABCA13,17,17,1,1.01238883028479,2.19166901340141,0.467649836004217,1
ANKHD1,4,5,1,0.805086224182068,3.80936521728792,0.157026543502263,1
ANKRD12,6,7,1,0.862483723973797,3.06542716227167,0.2343107708671,1
ARID1B,4,5,1,0.805086224182068,3.80936521728792,0.157026543502263,1
ATAD2,4,5,1,0.805086224182068,3.80936521728792,0.157026543502263,1
BAZ2B,4,5,1,0.805086224182068,3.80936521728792,0.157026543502263,1
CACNA1A,4,5,1,0.805086224182068,3.80936521728792,0.157026543502263,1
CDH9,6,7,1,0.862483723973797,3.06542716227167,0.2343107708671,1
CDKN2A,4,5,1,0.805086224182068,3.80936521728792,0.157026543502263,1
CUL9,4,5,1,0.805086224182068,3.80936521728792,0.157026543502263,1
DNAH11,4,5,1,0.805086224182068,3.80936521728792,0.157026543502263,1
DNAH2,7,8,1,0.880431108663563,2.84703705934807,0.265448675771541,1
DST,6,7,1,0.862483723973797,3.06542716227167,0.2343107708671,1
EPHA3,4,5,1,0.805086224182068,3.80936521728792,0.157026543502263,1
FAT3,13,13,1,1.01208842366477,2.44865771213151,0.418317312526735,1
FLG,15,15,1,1.01223678347301,2.30239542900625,0.445026488486058,1
GRIA4,4,5,1,0.805086224182068,3.80936521728792,0.157026543502263,1
GRXCR1,4,5,1,0.805086224182068,3.80936521728792,0.157026543502263,1
HYDIN,7,8,1,0.880431108663563,2.84703705934807,0.265448675771541,1
IRS4,4,5,1,0.805086224182068,3.80936521728792,0.157026543502263,1
KCNB2,4,5,1,0.805086224182068,3.80936521728792,0.157026543502263,1
LAMA3,4,5,1,0.805086224182068,3.80936521728792,0.157026543502263,1
MACF1,4,5,1,0.805086224182068,3.80936521728792,0.157026543502263,1
MGA,4,5,1,0.805086224182068,3.80936521728792,0.157026543502263,1
MYO18A,4,5,1,0.805086224182068,3.80936521728792,0.157026543502263,1
MYO9B,4,5,1,0.805086224182068,3.80936521728792,0.157026543502263,1
NYNRIN,4,5,1,0.805086224182068,3.80936521728792,0.157026543502263,1
PAK7,4,5,1,0.805086224182068,3.80936521728792,0.157026543502263,1
PCDH11X,4,5,1,0.805086224182068,3.80936521728792,0.157026543502263,1
PCDHA7,4,5,1,0.805086224182068,3.80936521728792,0.157026543502263,1
PDE3A,4,5,1,0.805086224182068,3.80936521728792,0.157026543502263,1
PRUNE2,9,9,1,1.01180224130641,2.95456551049002,0.346451803606707,1
PTPRQ,8,9,1,0.894397347882617,2.68078973534137,0.292713548821401,1
PXDN,4,5,1,0.805086224182068,3.80936521728792,0.157026543502263,1
SPTBN2,4,5,1,0.805086224182068,3.80936521728792,0.157026543502263,1
TEP1,4,5,1,0.805086224182068,3.80936521728792,0.157026543502263,1
TMEM132E,4,5,1,0.805086224182068,3.80936521728792,0.157026543502263,1
TNR,4,5,1,0.805086224182068,3.80936521728792,0.157026543502263,1
TPTE,4,5,1,0.805086224182068,3.80936521728792,0.157026543502263,1
UNC13C,6,7,1,0.862483723973797,3.06542716227167,0.2343107708671,1
VPS13C,4,5,1,0.805086224182068,3.80936521728792,0.157026543502263,1
VWDE,7,8,1,0.880431108663563,2.84703705934807,0.265448675771541,1
ZNF469,9,9,1,1.01180224130641,2.95456551049002,0.346451803606707,1
ZNF578,4,5,1,0.805086224182068,3.80936521728792,0.157026543502263,1
BCLAF1,5,5,1,1.01152929627325,4.47939825987672,0.228421365067156,1
CARD11,5,5,1,1.01152929627325,4.47939825987672,0.228421365067156,1
CELSR1,5,5,1,1.01152929627325,4.47939825987672,0.228421365067156,1
COL22A1,5,5,1,1.01152929627325,4.47939825987672,0.228421365067156,1
DSCAML1,5,5,1,1.01152929627325,4.47939825987672,0.228421365067156,1
ERBB4,5,5,1,1.01152929627325,4.47939825987672,0.228421365067156,1
FAM47A,5,5,1,1.01152929627325,4.47939825987672,0.228421365067156,1
HUWE1,5,5,1,1.01152929627325,4.47939825987672,0.228421365067156,1
INADL,5,5,1,1.01152929627325,4.47939825987672,0.228421365067156,1
MAP1B,5,5,1,1.01152929627325,4.47939825987672,0.228421365067156,1
NBAS,5,5,1,1.01152929627325,4.47939825987672,0.228421365067156,1
SAMD9,5,5,1,1.01152929627325,4.47939825987672,0.228421365067156,1
SCN1A,5,5,1,1.01152929627325,4.47939825987672,0.228421365067156,1
TCHH,5,5,1,1.01152929627325,4.47939825987672,0.228421365067156,1
TLN2,5,5,1,1.01152929627325,4.47939825987672,0.228421365067156,1
TRPS1,5,5,1,1.01152929627325,4.47939825987672,0.228421365067156,1
ZNF536,5,5,1,1.01152929627325,4.47939825987672,0.228421365067156,1
