gene,module,n
REG3A,black,147
XIST,grey,1238
RPS4Y1,grey,1238
GSTT1,grey,1238
XAGE1D,red,166
MYH4,grey,1238
PLA2G2A,brown,642
DLK1,grey,1238
GSTM1,grey,1238
CPLX2,grey,1238
CYP3A4,blue,703
PGC,grey,1238
SPINK1,brown,642
CYP2A6,blue,703
MAGEA6,red,166
CYP1A2,blue,703
TSIX,grey,1238
APOA4,grey,1238
REG1A,grey,1238
C9,blue,703
ALDH3A1,grey,1238
DDX3Y,grey,1238
CYP2E1,blue,703
PEG10,yellow,513
FXYD2,turquoise,1278
EEF1A2,grey,1238
MAGEA3,red,166
CYP2A7,blue,703
DCAF4L2,red,166
SLCO1B3,black,147
EPCAM,turquoise,1278
AKR1B10,grey,1238
MUC5B,turquoise,1278
CRP,turquoise,1278
EIF1AY,grey,1238
IGF2,grey,1238
SSX1,red,166
KRT23,turquoise,1278
MME,black,147
KDM5D,grey,1238
HGFAC,blue,703
PAGE4,black,147
HEPACAM,black,147
HSD17B13,blue,703
AFP,yellow,513
SAA2,blue,703
THRSP,blue,703
MAGEA1,red,166
USH1C,grey,1238
HEPN1,black,147
S100P,grey,1238
NTS,brown,642
PRAME,yellow,513
MAGEC2,red,166
SAA1,blue,703
FAM3B,black,147
AGR2,brown,642
CTNND2,turquoise,1278
KRT19,turquoise,1278
CDHR2,grey,1238
CHRNA4,blue,703
XPNPEP2,blue,703
MUC13,grey,1238
PRSS8,turquoise,1278
IGF2BP1,yellow,513
CYP1A1,blue,703
AP1M2,grey,1238
C5orf27,blue,703
PRSS3,grey,1238
RHBG,black,147
COL2A1,yellow,513
BPIL1,grey,1238
LOC255167,blue,703
RELN,black,147
UGT3A1,blue,703
GCGR,blue,703
SLC22A12,grey,1238
CA9,yellow,513
LGR5,black,147
UGT1A4,blue,703
CYP17A1,blue,703
NOTUM,black,147
ASPG,grey,1238
CHI3L1,grey,1238
CYP7A1,blue,703
ADH4,blue,703
SDS,blue,703
TM4SF20,grey,1238
NPC1L1,grey,1238
PTH2R,grey,1238
PDZK1IP1,grey,1238
CYP8B1,blue,703
UROC1,blue,703
SLC22A11,grey,1238
GLYAT,blue,703
GCK,blue,703
CTAG2,red,166
DHRS2,grey,1238
MT1G,grey,1238
GPR88,blue,703
DMKN,turquoise,1278
HAMP,turquoise,1278
INS-IGF2,green,313
SPP1,grey,1238
COX7B2,red,166
ISX,grey,1238
LOC100133469,red,166
UTY,grey,1238
MMP7,turquoise,1278
KRT7,turquoise,1278
HPD,blue,703
C14orf68,blue,703
HPGD,grey,1238
DKK1,grey,1238
PTGDS,turquoise,1278
GNG4,grey,1238
SLC6A2,black,147
LOC100131726,blue,703
MAGEA12,red,166
KNDC1,turquoise,1278
SLC22A1,blue,703
UPK3A,yellow,513
CTNNA2,black,147
TRIM55,blue,703
C19orf77,turquoise,1278
TINAG,grey,1238
MAGEC1,red,166
SLC10A1,blue,703
FGFR2,turquoise,1278
GTSF1,red,166
CXCL6,turquoise,1278
ODAM,black,147
GLS2,blue,703
LOC146336,turquoise,1278
C19orf21,turquoise,1278
ZIC1,grey,1238
CST1,black,147
DUOX2,turquoise,1278
DEFB1,turquoise,1278
SLPI,grey,1238
WNK2,turquoise,1278
LCN2,grey,1238
HAO2,blue,703
CPS1,blue,703
SFRP5,turquoise,1278
MEP1A,yellow,513
SEZ6L2,turquoise,1278
CSAG3,red,166
SLC13A3,black,147
ESRP1,turquoise,1278
CNDP1,blue,703
TAT,blue,703
PDX1,turquoise,1278
GSTA2,blue,703
NEU4,grey,1238
TTC36,blue,703
SLC34A2,turquoise,1278
HAL,blue,703
LECT2,blue,703
SLC6A11,grey,1238
GREM2,blue,703
SPP2,blue,703
CLRN3,grey,1238
HSD11B1,blue,703
MAGEA2,red,166
CFTR,turquoise,1278
FAM133A,red,166
CRYAA,blue,703
ZFY,grey,1238
PRAMEF10,blue,703
PPAP2C,turquoise,1278
CYorf15A,grey,1238
CNTFR,turquoise,1278
TMEM92,grey,1238
MT1H,grey,1238
HRG,blue,703
MUC6,turquoise,1278
NPTX2,turquoise,1278
TMC5,turquoise,1278
PITX1,yellow,513
SMEK3P,red,166
UGT1A3,blue,703
CLDN4,turquoise,1278
PPP2R2C,turquoise,1278
SYT13,turquoise,1278
ADH1C,blue,703
CYP2B7P1,blue,703
SUSD4,turquoise,1278
CSAG1,red,166
PAEP,grey,1238
FGF19,grey,1238
GABRB3,turquoise,1278
SCUBE1,blue,703
DUOXA2,brown,642
LOC84740,grey,1238
UGT1A10,grey,1238
LIN28B,red,166
FGF21,blue,703
H19,grey,1238
MFSD2A,blue,703
USP9Y,grey,1238
FAM151A,grey,1238
ACSM1,blue,703
BEX2,yellow,513
WFDC2,turquoise,1278
IP6K3,grey,1238
CFHR5,blue,703
LUM,turquoise,1278
AKR1B15,grey,1238
FAM99A,blue,703
CCL25,blue,703
CYorf15B,grey,1238
AMN,grey,1238
C7,turquoise,1278
CCL21,turquoise,1278
CSMD1,red,166
EPS8L3,yellow,513
LOC389332,turquoise,1278
SOAT2,grey,1238
CCL19,brown,642
MAGEB2,red,166
TRIM50,grey,1238
GPC3,yellow,513
GP2,turquoise,1278
FADS6,grey,1238
NQO1,grey,1238
GUCY2C,grey,1238
F9,blue,703
TGM3,grey,1238
SLC3A1,green,313
CXCL5,turquoise,1278
SSX2,red,166
C6orf223,yellow,513
ODZ2,black,147
LGALS4,grey,1238
NKD1,black,147
CYP4F22,grey,1238
MAGED4B,yellow,513
CD5L,grey,1238
SLC44A5,red,166
BCL2L10,grey,1238
ACE2,grey,1238
PAGE5,red,166
STMN2,turquoise,1278
PCSK1N,yellow,513
PODXL2,turquoise,1278
FREM2,turquoise,1278
DKK4,black,147
CTAG1B,red,166
SERPINA7,blue,703
CXCL13,brown,642
CACNG4,grey,1238
CLDN10,turquoise,1278
BEX1,grey,1238
SLC22A7,blue,703
FXYD3,yellow,513
GYS2,blue,703
PCK1,blue,703
PTGFR,green,313
GAGE12D,red,166
C8orf47,grey,1238
MSI1,grey,1238
GAGE2D,red,166
FAM19A5,turquoise,1278
SULT1C2,grey,1238
ABCB11,blue,703
PRAMEF4,blue,703
UPP2,blue,703
PIGR,blue,703
DACT2,grey,1238
FNDC5,blue,703
PROM1,turquoise,1278
MYO18B,red,166
SCGN,grey,1238
TMPRSS3,brown,642
CA12,turquoise,1278
KCNU1,black,147
FCAMR,blue,703
MT1M,grey,1238
NRCAM,grey,1238
PEG3,grey,1238
SEZ6,grey,1238
AKR1D1,blue,703
BTNL8,grey,1238
SPINT1,turquoise,1278
GSTA1,blue,703
UGT2A1,grey,1238
ANXA13,turquoise,1278
PRODH,grey,1238
SLCO4C1,yellow,513
PCDH20,grey,1238
CHL1,grey,1238
COMP,turquoise,1278
SULT4A1,black,147
SLC12A1,black,147
POF1B,yellow,513
CNNM1,grey,1238
SYCE1,grey,1238
CYP3A7,blue,703
EFEMP1,turquoise,1278
B3GNT3,turquoise,1278
PAGE2B,red,166
OTC,blue,703
WNK4,grey,1238
SLC1A2,blue,703
ADAM6,brown,642
DCDC2,turquoise,1278
FABP1,blue,703
GFRA1,blue,703
CHST9,green,313
BHMT,blue,703
B4GALNT2,grey,1238
COCH,yellow,513
FOXQ1,grey,1238
FETUB,blue,703
ACTN2,black,147
AQP8,blue,703
KRTCAP3,turquoise,1278
FRAS1,turquoise,1278
ALPI,grey,1238
SLC16A9,turquoise,1278
CD24,turquoise,1278
CYP11A1,blue,703
CHST4,turquoise,1278
B4GALNT4,turquoise,1278
RASL10B,black,147
C1orf106,yellow,513
RTP3,blue,703
PAGE2,red,166
C4orf7,brown,642
CYP2A13,blue,703
ECEL1,turquoise,1278
CXCL1,turquoise,1278
EVPL,yellow,513
MT1E,grey,1238
EPO,yellow,513
MFAP4,turquoise,1278
AVPR1A,blue,703
ADAMTS16,grey,1238
ODZ1,red,166
TUBA3C,red,166
HOXA10,yellow,513
ELFN2,grey,1238
ARSF,grey,1238
SLC13A5,blue,703
KIF1A,grey,1238
DQX1,yellow,513
FSTL5,red,166
CCL16,blue,703
C3P1,blue,703
GAGE4,red,166
ACADL,blue,703
CAPN6,turquoise,1278
NPW,grey,1238
CNTNAP4,red,166
PPP1R1A,grey,1238
BICC1,turquoise,1278
DPT,turquoise,1278
SFN,yellow,513
ELOVL7,turquoise,1278
BBOX1,blue,703
TDGF1,grey,1238
GBP7,blue,703
CSAG2,red,166
RFPL4B,red,166
DCN,turquoise,1278
AQP9,blue,703
NRG1,grey,1238
CFHR4,blue,703
POSTN,turquoise,1278
CCL20,brown,642
UNC93A,grey,1238
FOXN4,grey,1238
MAGED4,yellow,513
NAT2,blue,703
WNT4,turquoise,1278
GABBR2,grey,1238
CYP4A22,blue,703
PNCK,yellow,513
COL22A1,turquoise,1278
IGSF9,grey,1238
TERT,grey,1238
DSG1,blue,703
SLC2A5,grey,1238
PI3,turquoise,1278
VIL1,yellow,513
CYP2C8,blue,703
HHIPL2,grey,1238
TSPAN8,grey,1238
CLDN2,blue,703
SULT2A1,blue,703
COL4A5,grey,1238
VNN1,grey,1238
TRHDE,grey,1238
APOF,blue,703
CKMT1B,yellow,513
CDH15,grey,1238
FXYD1,blue,703
SLC6A19,yellow,513
FOLH1B,blue,703
GBA3,blue,703
ZIC4,grey,1238
CNTN3,green,313
HS6ST2,yellow,513
ASPHD1,turquoise,1278
SLC39A5,blue,703
RAB25,turquoise,1278
PRG4,blue,703
ETV4,turquoise,1278
MOGAT2,blue,703
GLRB,turquoise,1278
AGXT2L1,blue,703
COX6A2,grey,1238
VTCN1,turquoise,1278
UGT2B15,blue,703
RPS28,grey,1238
LRP2,grey,1238
FLNC,turquoise,1278
SLC30A2,black,147
HOXA13,grey,1238
FMO1,yellow,513
HBA1,grey,1238
UCHL1,turquoise,1278
B3GAT1,turquoise,1278
IGJ,brown,642
UGT1A1,blue,703
SLC1A7,turquoise,1278
CYP39A1,blue,703
C1orf64,black,147
AHSG,blue,703
ASCL1,grey,1238
CFHR3,blue,703
NR1I2,blue,703
ENPP5,turquoise,1278
GPR64,grey,1238
MGC29506,brown,642
ATRNL1,grey,1238
SYNC,grey,1238
APOC4,blue,703
PDGFRA,turquoise,1278
GPX2,grey,1238
PAPPA2,blue,703
CXCL14,turquoise,1278
S100A14,grey,1238
MAP7D2,grey,1238
CDH16,grey,1238
CACNA1H,turquoise,1278
PAQR5,turquoise,1278
MARCO,brown,642
CPZ,turquoise,1278
GRIA3,grey,1238
C1QL1,grey,1238
IL8,turquoise,1278
NPFFR2,red,166
NNMT,grey,1238
ZIC5,yellow,513
KRT20,red,166
DSCR8,red,166
PADI1,grey,1238
RND2,grey,1238
GCNT3,grey,1238
HMGA2,yellow,513
SLC13A2,grey,1238
CNTNAP2,black,147
SCTR,turquoise,1278
SYT8,yellow,513
CAMK2B,grey,1238
SLC28A1,blue,703
IGF2AS,grey,1238
FER1L6,grey,1238
IGFALS,grey,1238
FOXJ1,yellow,513
PTGES,turquoise,1278
CKMT2,turquoise,1278
SULT1E1,blue,703
ADH1B,blue,703
SYT1,red,166
PRSS16,turquoise,1278
LOXL4,turquoise,1278
MUM1L1,grey,1238
OGN,turquoise,1278
PRR15L,grey,1238
HTR1D,grey,1238
TDO2,blue,703
RDH16,blue,703
NLGN4Y,grey,1238
CHIT1,brown,642
HP,blue,703
PAGE1,red,166
PZP,grey,1238
C3orf32,grey,1238
KANK4,grey,1238
SRD5A2,blue,703
SEMA3E,yellow,513
LOC145837,grey,1238
PYCR1,yellow,513
RASEF,green,313
PROL1,blue,703
FNDC1,turquoise,1278
CEACAM20,grey,1238
SSX4,red,166
MCCD1,grey,1238
MCOLN3,yellow,513
AQP6,black,147
IGSF1,yellow,513
CLGN,yellow,513
ENPP3,grey,1238
SERPINC1,blue,703
APOA1,blue,703
ASPDH,blue,703
VSTM2L,grey,1238
ISLR,turquoise,1278
GNMT,blue,703
CYP2C9,blue,703
MMP12,brown,642
TMEM45B,grey,1238
PKP3,turquoise,1278
ANKFN1,black,147
NECAB2,blue,703
GLT1D1,blue,703
LAMC2,turquoise,1278
ALDOB,blue,703
GPR133,grey,1238
ARG1,blue,703
ZIC2,yellow,513
SLC26A3,grey,1238
PGLYRP2,blue,703
GRID1,turquoise,1278
RGSL1,black,147
PKHD1,turquoise,1278
YBX2,grey,1238
UGT1A5,blue,703
GULP1,turquoise,1278
MUC15,red,166
PIK3C2G,blue,703
LOC440905,red,166
PLEKHB1,yellow,513
C2orf54,grey,1238
GSTM2,grey,1238
SYT9,grey,1238
ZG16,blue,703
GAL3ST1,yellow,513
OSTalpha,blue,703
EGF,grey,1238
CTSE,turquoise,1278
CALCA,grey,1238
C19orf33,turquoise,1278
TREH,blue,703
IGF2BP2,yellow,513
MT1F,grey,1238
SAA4,blue,703
GPR158,red,166
AFM,blue,703
MAPK4,grey,1238
KCNJ16,turquoise,1278
PDIA2,red,166
RHOXF2B,red,166
ITGB8,turquoise,1278
APOA2,blue,703
PDZK1P1,grey,1238
DIO2,grey,1238
SYT3,turquoise,1278
LOC339535,red,166
BCAS1,grey,1238
PCDHAC2,turquoise,1278
APOC1P1,blue,703
CTSL2,yellow,513
COL11A1,turquoise,1278
CYP4F2,blue,703
MT1A,grey,1238
C2CD4A,turquoise,1278
DPEP1,turquoise,1278
THBS4,grey,1238
KRT80,turquoise,1278
TUBBP5,turquoise,1278
PCLO,yellow,513
CELF5,grey,1238
REG1B,grey,1238
HPR,blue,703
OCA2,turquoise,1278
SNAP25,turquoise,1278
ANKRD35,grey,1238
SLC29A4,yellow,513
FAM134B,blue,703
ALDH1L1,blue,703
SLITRK3,grey,1238
RAB3C,grey,1238
ARNT2,turquoise,1278
GDA,blue,703
SLC15A1,grey,1238
GPC5,yellow,513
ITIH5,turquoise,1278
GHRHR,grey,1238
LAMA2,turquoise,1278
NEBL,turquoise,1278
DNMT3L,blue,703
PNMA3,yellow,513
TBX4,black,147
GATA5,turquoise,1278
FERMT1,black,147
ABCA8,blue,703
UGT2B10,blue,703
TRIM31,yellow,513
SLC5A11,grey,1238
GPLD1,blue,703
CNKSR1,brown,642
TFF1,turquoise,1278
VSIG1,brown,642
GAGE2B,red,166
SLC7A10,yellow,513
GLDN,yellow,513
ACTL8,grey,1238
VLDLR,turquoise,1278
MBL2,blue,703
TMEM82,blue,703
TESC,turquoise,1278
GREM1,turquoise,1278
MPPED1,blue,703
DNER,turquoise,1278
PRKY,grey,1238
GUCA2B,grey,1238
TFF2,grey,1238
TMEM163,turquoise,1278
SLC5A1,turquoise,1278
RHCG,grey,1238
CCDC64B,turquoise,1278
SERPINA11,blue,703
IL20RA,yellow,513
SORCS2,turquoise,1278
COL10A1,turquoise,1278
CDS1,turquoise,1278
HKDC1,brown,642
CIDEC,grey,1238
EFNA5,brown,642
ILDR1,yellow,513
CABYR,grey,1238
DGCR5,grey,1238
SAMD5,turquoise,1278
HFE2,blue,703
ANKRD1,turquoise,1278
FBN3,grey,1238
MASP2,blue,703
ITGBL1,turquoise,1278
PON1,blue,703
PCDHA1,grey,1238
RXRG,black,147
TNFRSF19,black,147
PTPRD,grey,1238
SLC9A3,turquoise,1278
AR,blue,703
PLEK2,grey,1238
EPPK1,yellow,513
MRAP2,grey,1238
PLCH2,blue,703
GGT6,turquoise,1278
CUX2,blue,703
KRT17,turquoise,1278
SOHLH2,red,166
KCNK9,yellow,513
VSIG2,grey,1238
ALOX15B,brown,642
C1orf116,turquoise,1278
CBLN4,black,147
tAKR,blue,703
HAND2,turquoise,1278
EVC,turquoise,1278
VCX3A,red,166
SHD,blue,703
LYPD1,grey,1238
LHFPL4,yellow,513
TMPRSS15,red,166
DMBT1,yellow,513
CDH22,black,147
PRSS12,grey,1238
LAD1,grey,1238
GPR37,green,313
KRT5,turquoise,1278
FCN2,grey,1238
PART1,black,147
DEFB132,blue,703
APCDD1,turquoise,1278
DYNC1I1,black,147
SLC39A4,grey,1238
SPOCK1,turquoise,1278
ANXA8L2,turquoise,1278
TMC4,turquoise,1278
KCNH2,turquoise,1278
MFAP2,turquoise,1278
COL7A1,black,147
CYP19A1,yellow,513
SLC22A10,blue,703
CA5A,blue,703
GRAMD1B,turquoise,1278
CAPN13,grey,1238
MRAP,grey,1238
POPDC3,yellow,513
APOA5,blue,703
CYP2B6,blue,703
SHBG,blue,703
TFDP3,red,166
AKR7A3,blue,703
PLA2G2D,brown,642
BCHE,blue,703
LOC55908,blue,703
MT1X,grey,1238
MYEOV,grey,1238
LMTK3,turquoise,1278
APOC3,blue,703
ADRA1A,blue,703
AGXT,blue,703
ACSM5,blue,703
PRR15,grey,1238
IFI27,grey,1238
FOLR1,yellow,513
THBS2,turquoise,1278
C15orf48,yellow,513
CYP3A43,blue,703
FAM178B,red,166
NEB,yellow,513
SPATA21,grey,1238
KIAA1199,turquoise,1278
SLC4A3,turquoise,1278
PTPRS,turquoise,1278
CYP4A11,blue,703
FA2H,turquoise,1278
KIAA1244,turquoise,1278
EPHA10,turquoise,1278
NPY6R,grey,1238
ADCY1,grey,1238
HUNK,turquoise,1278
NAA11,red,166
ABP1,grey,1238
PCDP1,turquoise,1278
PYROXD2,grey,1238
FBXW10,grey,1238
SLC5A12,red,166
PPP1R1B,turquoise,1278
TRPV6,turquoise,1278
EHF,green,313
HRASLS2,grey,1238
NPM2,grey,1238
FABP4,blue,703
UPB1,blue,703
MYRIP,blue,703
TTR,blue,703
ENPP7,blue,703
AGXT2,blue,703
OXT,grey,1238
AKAP2,green,313
GNAO1,blue,703
LONRF2,turquoise,1278
GYLTL1B,yellow,513
PNMAL1,turquoise,1278
PHYHD1,blue,703
ZPLD1,yellow,513
SSTR5,turquoise,1278
PNMA5,red,166
MEG3,grey,1238
DUSP9,yellow,513
LOC100133545,grey,1238
PRAMEF11,blue,703
TTYH1,turquoise,1278
NTRK2,turquoise,1278
KIAA1239,grey,1238
ANXA8,turquoise,1278
TTTY15,grey,1238
ABCG8,blue,703
ANXA10,blue,703
FAM155B,yellow,513
KCNF1,turquoise,1278
UGT1A8,green,313
EMID2,grey,1238
FTCD,blue,703
C2orf89,grey,1238
ZNF385D,black,147
PDPN,turquoise,1278
KCNJ4,blue,703
LOC283392,grey,1238
CFHR1,blue,703
ANKRD22,brown,642
LYPD6B,turquoise,1278
DYDC2,grey,1238
CKMT1A,yellow,513
CYP26A1,blue,703
PRAP1,blue,703
ACSM2A,blue,703
WDR72,grey,1238
RANBP17,grey,1238
AOX1,blue,703
FBXL16,grey,1238
VCAN,turquoise,1278
SLC1A1,blue,703
RASAL1,turquoise,1278
CXCL17,grey,1238
DIRAS2,grey,1238
CEACAM6,turquoise,1278
DPYS,blue,703
CLIC6,turquoise,1278
UCA1,turquoise,1278
ARL14,brown,642
TRPM8,blue,703
PI15,grey,1238
DIO1,blue,703
RBP1,black,147
COL16A1,turquoise,1278
FAM101A,turquoise,1278
ADCY8,black,147
MSC,turquoise,1278
CCNO,grey,1238
AHNAK2,turquoise,1278
GPC4,turquoise,1278
PLXNC1,green,313
REN,blue,703
MATN3,black,147
TPSAB1,brown,642
CDCA7,yellow,513
SPHK1,yellow,513
LRRC31,grey,1238
AXIN2,black,147
CYS1,turquoise,1278
ACSL4,grey,1238
TPSB2,brown,642
UGT2B7,blue,703
EMX1,grey,1238
DARC,turquoise,1278
UGT2B11,grey,1238
AQP7P1,blue,703
MOXD1,turquoise,1278
DAO,blue,703
HABP2,grey,1238
CA4,grey,1238
LHX3,blue,703
HULC,blue,703
CTTNBP2,turquoise,1278
KRT6A,grey,1238
KCNB1,blue,703
SVEP1,turquoise,1278
SLC7A11,grey,1238
WNT7B,turquoise,1278
TNNT1,yellow,513
FAM169B,turquoise,1278
TRIM54,grey,1238
OGDHL,blue,703
SALL4,yellow,513
CFHR2,blue,703
GLYATL1,blue,703
CYP2D6,blue,703
KCNJ3,green,313
C9orf152,black,147
GSTT2,grey,1238
UGT3A2,grey,1238
VEPH1,turquoise,1278
CHRDL1,turquoise,1278
SAMD11,turquoise,1278
VSNL1,blue,703
CD79A,brown,642
PODN,turquoise,1278
EREG,turquoise,1278
NTM,turquoise,1278
MYEF2,yellow,513
SLC16A12,black,147
UBXN10,blue,703
PTGIS,turquoise,1278
LPA,blue,703
ZCCHC16,blue,703
IGFBP1,blue,703
HSD17B6,blue,703
B4GALNT1,grey,1238
SDK1,turquoise,1278
G6PC,blue,703
RHBDL3,black,147
WISP2,turquoise,1278
GRIN2A,turquoise,1278
FRMPD1,grey,1238
SLC22A17,turquoise,1278
C9orf122,turquoise,1278
CCDC80,turquoise,1278
GAGE12J,red,166
LRRC50,grey,1238
PCDHA13,grey,1238
CNTN1,turquoise,1278
MAEL,grey,1238
PRKAA2,black,147
NLGN4X,red,166
ESRRG,grey,1238
MMP9,brown,642
ADAM23,brown,642
ACOT12,blue,703
CPA3,brown,642
XK,grey,1238
OVOL1,turquoise,1278
TBC1D3G,grey,1238
TEX11,red,166
NKAIN2,red,166
C2orf82,grey,1238
PFKFB1,blue,703
SFRP2,turquoise,1278
CDHR5,blue,703
LGR6,turquoise,1278
GOLGA7B,turquoise,1278
SSTR1,black,147
APLP1,turquoise,1278
CDH17,turquoise,1278
TNNC1,grey,1238
EIF3C,green,313
OSR2,grey,1238
FBLL1,yellow,513
LDHC,grey,1238
UBE2QL1,grey,1238
APCS,blue,703
VNN2,brown,642
BMP7,turquoise,1278
SDK2,turquoise,1278
FAM198A,grey,1238
ACSM2B,blue,703
ENHO,blue,703
NALCN,turquoise,1278
VCY,red,166
RASGEF1A,brown,642
TACSTD2,turquoise,1278
IRX3,grey,1238
NXPH4,yellow,513
C10orf116,grey,1238
CLEC2L,red,166
ARSE,grey,1238
HOXC9,grey,1238
PRAMEF8,grey,1238
VAT1L,grey,1238
HSPB8,turquoise,1278
TNFRSF11B,brown,642
VNN3,grey,1238
ANO5,grey,1238
IL17D,grey,1238
KCND3,green,313
SYT7,blue,703
FHOD3,turquoise,1278
MYO7B,turquoise,1278
PLG,blue,703
IGDCC3,grey,1238
PCDHGA2,green,313
GAD1,grey,1238
XKR9,grey,1238
PTHLH,turquoise,1278
TRIM9,grey,1238
SMPX,grey,1238
INHA,turquoise,1278
CRHBP,grey,1238
UGT1A7,grey,1238
CLVS1,grey,1238
GDF10,brown,642
SPINT2,turquoise,1278
ADH1A,blue,703
GAGE1,red,166
SEC14L3,blue,703
BTNL3,grey,1238
NR1I3,blue,703
HOXB13,yellow,513
STEAP2,grey,1238
MAB21L2,turquoise,1278
SPDEF,grey,1238
KLK4,black,147
ROBO2,grey,1238
NLRP11,grey,1238
ADRA2C,grey,1238
DIRAS1,turquoise,1278
MAPK13,turquoise,1278
LYZ,brown,642
NXF2,red,166
VWCE,grey,1238
SERPINA12,grey,1238
HOXC10,grey,1238
CEACAM7,turquoise,1278
LGSN,grey,1238
PPP1R3G,grey,1238
IDO2,blue,703
NRXN3,turquoise,1278
MYO1A,grey,1238
SERPINA4,blue,703
OLR1,brown,642
LHX9,grey,1238
ARHGEF4,turquoise,1278
CLDN19,grey,1238
BCAN,grey,1238
SCARA5,turquoise,1278
PLXNB3,turquoise,1278
KCNC2,grey,1238
BCO2,grey,1238
TBX15,grey,1238
RHOV,turquoise,1278
FBLN2,turquoise,1278
MGAM,brown,642
PLCXD3,turquoise,1278
PRELP,turquoise,1278
PRSS22,turquoise,1278
TRNP1,brown,642
PRODH2,blue,703
SPESP1,grey,1238
NSUN7,yellow,513
TMPRSS9,blue,703
CNTD2,grey,1238
PRAMEF9,blue,703
WNT3A,grey,1238
CES7,blue,703
C8orf80,blue,703
SRRM3,turquoise,1278
SHISA3,turquoise,1278
FUT6,grey,1238
DNAH11,green,313
SNORD116-4,green,313
MDGA2,red,166
IGF2BP3,yellow,513
MT1L,grey,1238
GPR35,turquoise,1278
ITPR3,turquoise,1278
SMPDL3B,yellow,513
A1BG,blue,703
LASS1,yellow,513
OAT,black,147
GFPT2,turquoise,1278
CYP26B1,turquoise,1278
ESR1,blue,703
HCN2,grey,1238
NAP1L2,red,166
LRP1B,grey,1238
TMEM105,grey,1238
UGT1A6,blue,703
RSPO2,black,147
MUC1,brown,642
RASGRF1,black,147
JPH1,turquoise,1278
TUB,turquoise,1278
TMEM45A,brown,642
CRISP3,grey,1238
ELN,turquoise,1278
OBSCN,turquoise,1278
MFI2,turquoise,1278
ZNF648,blue,703
ANO3,grey,1238
ANKRD33,grey,1238
LAMA1,turquoise,1278
PCDHA12,turquoise,1278
CLEC4G,turquoise,1278
F13B,blue,703
COLEC10,turquoise,1278
F2RL1,turquoise,1278
TUSC3,turquoise,1278
UGT1A9,blue,703
DNAH6,blue,703
FER1L4,yellow,513
FAM180A,turquoise,1278
OLFM4,turquoise,1278
C6,blue,703
ALPK2,grey,1238
C18orf2,red,166
SH3GL3,black,147
SNURF,green,313
TMEM100,grey,1238
TJP3,grey,1238
EPS8L1,turquoise,1278
FSTL4,grey,1238
COL9A3,grey,1238
ZNF385B,blue,703
C14orf162,blue,703
MYCN,grey,1238
KRT14,grey,1238
GRM8,turquoise,1278
MT3,grey,1238
SLC17A2,blue,703
NLRP6,blue,703
GPRIN2,turquoise,1278
KEL,brown,642
SULF1,turquoise,1278
GRHL2,turquoise,1278
SLCO1A2,blue,703
KCNIP3,turquoise,1278
EXPH5,blue,703
PCDHGB5,green,313
GPR143,turquoise,1278
ATP10B,turquoise,1278
ACAN,turquoise,1278
SLIT2,green,313
553137,grey,1238
LOC654433,grey,1238
SFRP4,turquoise,1278
RPL39L,grey,1238
SEMA3C,turquoise,1278
MMP17,turquoise,1278
CA14,blue,703
AKR1C4,blue,703
TC2N,turquoise,1278
NKD2,turquoise,1278
PAPLN,turquoise,1278
CYP2C18,blue,703
GOLGA6B,blue,703
ACSL6,black,147
SLC30A3,black,147
SIX1,grey,1238
SOX9,turquoise,1278
IL6ST,green,313
IYD,blue,703
DCAF8L2,red,166
NAV3,turquoise,1278
ELFN1,blue,703
DDC,blue,703
ADORA1,turquoise,1278
GRPR,black,147
ALG1L,grey,1238
AQP4,green,313
CNR1,red,166
NCRNA00185,grey,1238
ADAMTSL2,turquoise,1278
WNT5A,grey,1238
FAM167A,turquoise,1278
EPHB2,black,147
EVPLL,blue,703
CREB3L1,turquoise,1278
ADAMDEC1,brown,642
RHOF,brown,642
AFF2,red,166
BSPRY,grey,1238
IL7R,brown,642
CTHRC1,turquoise,1278
RYR2,turquoise,1278
TCP10L,blue,703
FOXP2,green,313
SLAIN1,brown,642
PRDM16,turquoise,1278
TMEM125,turquoise,1278
CD300LG,blue,703
MMP1,yellow,513
FAP,turquoise,1278
PPP1R1C,grey,1238
LDLRAD1,grey,1238
TRPV4,turquoise,1278
PCP4L1,blue,703
MNX1,turquoise,1278
SLC27A5,blue,703
STEAP1,grey,1238
LGI3,black,147
NR0B1,yellow,513
NPTXR,turquoise,1278
CACNA1I,black,147
KRT6C,grey,1238
CHP2,grey,1238
USP43,grey,1238
ZG16B,turquoise,1278
ANO9,brown,642
LOC284749,yellow,513
LIF,brown,642
CES4,blue,703
ARPP21,blue,703
ITGB6,turquoise,1278
PACSIN1,yellow,513
ZNF676,grey,1238
FAM21A,green,313
FAM19A4,grey,1238
TDGF3,grey,1238
FMO3,blue,703
MPZ,grey,1238
SLC16A11,blue,703
MAGEA8,red,166
EGLN3,brown,642
NCRNA00176,black,147
SULT2B1,grey,1238
BRSK2,turquoise,1278
SPON1,turquoise,1278
FAM83F,turquoise,1278
PLXNA4,turquoise,1278
NLRP2,brown,642
TMSB4Y,grey,1238
COL14A1,turquoise,1278
MST1R,turquoise,1278
HSD3B1,blue,703
PTK6,turquoise,1278
SEC14L4,green,313
SAMD12,turquoise,1278
TTC39A,turquoise,1278
LST-3TM12,black,147
AQP10,yellow,513
PCDHA6,grey,1238
OSTBETA,grey,1238
CKB,grey,1238
AKR1CL1,blue,703
PKLR,blue,703
FGL1,blue,703
ALDH1A3,turquoise,1278
ARHGEF16,turquoise,1278
MCTP2,turquoise,1278
ADRA2A,turquoise,1278
SLC4A11,turquoise,1278
CNGA1,blue,703
LOC96610,brown,642
HHIP,turquoise,1278
SLCO1B1,blue,703
HOXD9,grey,1238
MIOX,yellow,513
SCUBE2,grey,1238
GABRP,turquoise,1278
ITLN2,grey,1238
ACHE,turquoise,1278
MS4A1,brown,642
MTTP,blue,703
LIPH,turquoise,1278
HPX,blue,703
CNKSR2,green,313
ANGPTL1,turquoise,1278
C4BPA,blue,703
WNT11,grey,1238
C12orf56,red,166
C6orf141,turquoise,1278
CPN2,blue,703
HAVCR1,yellow,513
SGPP2,turquoise,1278
SPINK5,grey,1238
KRT16,grey,1238
FCGR2B,brown,642
FAM150B,turquoise,1278
PKIB,brown,642
RANBP3L,blue,703
EDIL3,green,313
MRGPRF,turquoise,1278
ABCB5,grey,1238
NCAM2,turquoise,1278
SLC2A2,blue,703
ACSS3,blue,703
TSLP,blue,703
C3orf57,yellow,513
PPM1E,grey,1238
STAB2,turquoise,1278
XDH,blue,703
TMEM156,brown,642
PCOLCE2,grey,1238
C6orf132,turquoise,1278
SLC22A15,yellow,513
SULT1B1,blue,703
HEATR7B2,grey,1238
SLC6A8,yellow,513
PKD1L2,grey,1238
HTRA3,turquoise,1278
MOGAT3,blue,703
ST8SIA3,grey,1238
RBP2,grey,1238
KIRREL,green,313
CES8,blue,703
DTX1,grey,1238
ANXA3,turquoise,1278
MMP10,turquoise,1278
C8orf79,turquoise,1278
TMEM151A,grey,1238
STRA6,turquoise,1278
C20orf103,turquoise,1278
DES,turquoise,1278
FGB,blue,703
WASF3,grey,1238
KNG1,blue,703
SMC1B,yellow,513
EYA4,red,166
HS3ST4,black,147
CTSG,grey,1238
LGALS2,brown,642
GGTLC2,grey,1238
TNNI1,grey,1238
UGT2A3,green,313
GGT1,turquoise,1278
NOVA1,turquoise,1278
PROZ,blue,703
LOC647309,blue,703
IGFBP2,blue,703
CADPS,yellow,513
MKRN3,red,166
FOSB,turquoise,1278
CDO1,blue,703
DIO3,turquoise,1278
TOX,brown,642
C6orf138,grey,1238
DNAH5,grey,1238
GLB1L2,turquoise,1278
LYPD6,yellow,513
HK2,brown,642
SOX2,grey,1238
SIX2,yellow,513
PCSK1,grey,1238
GSPT2,turquoise,1278
SYPL2,grey,1238
FCRL5,brown,642
FREM1,turquoise,1278
ACCN2,black,147
TMED7-TICAM2,green,313
C1orf186,yellow,513
RTBDN,grey,1238
BMP8B,green,313
HORMAD2,blue,703
FAHD2B,grey,1238
F12,blue,703
CDC42BPG,grey,1238
SPIB,brown,642
CYP2D7P1,blue,703
CPNE7,turquoise,1278
LOC254559,brown,642
TFF3,turquoise,1278
RSPO3,turquoise,1278
TSPY2,red,166
EVC2,turquoise,1278
SPATA18,grey,1238
RET,turquoise,1278
AEBP1,turquoise,1278
IGDCC4,turquoise,1278
NBPF16,green,313
PROM2,turquoise,1278
TSPAN5,black,147
RIPPLY1,blue,703
CRLF1,turquoise,1278
HAO1,blue,703
PEBP4,grey,1238
FCN3,turquoise,1278
LOC723809,yellow,513
CASR,grey,1238
C6orf105,brown,642
PPARGC1A,blue,703
SALL2,yellow,513
HIST3H2A,yellow,513
MAPK8IP2,grey,1238
C21orf84,grey,1238
GAGE2A,red,166
TREML3,grey,1238
PPAN-P2RY11,grey,1238
C5orf49,grey,1238
TNFSF12-TNFSF13,brown,642
ST6GAL2,turquoise,1278
TRIM71,yellow,513
FAM99B,blue,703
ADAMTS17,blue,703
ADRA1D,grey,1238
NRXN2,grey,1238
APOH,blue,703
FLJ23867,turquoise,1278
SGCD,turquoise,1278
APOL5,grey,1238
ZDHHC19,blue,703
C4orf48,brown,642
PPP1R14D,grey,1238
ENPP6,grey,1238
NFATC2,green,313
H2AFY2,yellow,513
GDF2,turquoise,1278
EPHA1,blue,703
APOBEC3B,grey,1238
CES1,blue,703
SERPINE2,turquoise,1278
PGAM2,grey,1238
TNFSF14,green,313
SDR42E1,grey,1238
KLK3,grey,1238
FAM171A1,black,147
FIBIN,turquoise,1278
ANO1,blue,703
GABRA2,grey,1238
PTPN20B,yellow,513
RGAG1,blue,703
NEURL3,yellow,513
BACE2,turquoise,1278
ATF5,grey,1238
HYDIN,grey,1238
ZNF204P,yellow,513
KBTBD11,turquoise,1278
PDE9A,turquoise,1278
LEFTY1,turquoise,1278
KLF5,turquoise,1278
PCDHGB2,green,313
COL24A1,red,166
MFAP3L,blue,703
C21orf125,grey,1238
PLEKHG4B,turquoise,1278
MACC1,turquoise,1278
FLRT2,turquoise,1278
FKBP1B,grey,1238
ANKS1B,grey,1238
SRPX,turquoise,1278
TKTL1,red,166
SYNGR1,grey,1238
TFAP2A,yellow,513
KRT86,turquoise,1278
ABCB1,blue,703
ZNF208,yellow,513
NBLA00301,turquoise,1278
C3orf52,turquoise,1278
VANGL2,turquoise,1278
MAMDC4,grey,1238
TPTE,red,166
FMOD,turquoise,1278
USH2A,blue,703
HGF,turquoise,1278
TRAM1L1,yellow,513
LOC441869,grey,1238
ABCB4,blue,703
CHGA,yellow,513
GPD1,blue,703
SLC2A9,blue,703
ARHGAP8,turquoise,1278
FCRLA,brown,642
FZD9,grey,1238
LBP,blue,703
PCDHB5,turquoise,1278
C3orf14,grey,1238
SOD3,turquoise,1278
PCDHGB4,green,313
DCAF8L1,red,166
LRRC15,turquoise,1278
COL1A1,turquoise,1278
SLFN13,brown,642
PCP4,black,147
CSTA,grey,1238
MKX,grey,1238
LOC441666,yellow,513
LEF1,brown,642
CDH19,turquoise,1278
RAB3B,grey,1238
TCAM1P,yellow,513
LRRTM4,grey,1238
GUCA2A,yellow,513
SPOCK3,grey,1238
COL9A2,yellow,513
NELL2,brown,642
INHBC,blue,703
KIF26B,turquoise,1278
FIGF,black,147
CTH,blue,703
TMEM130,turquoise,1278
SLC6A13,blue,703
TTPA,blue,703
TNFSF11,grey,1238
DSCAML1,turquoise,1278
PANX2,grey,1238
PCDHGA3,green,313
PCDHA11,turquoise,1278
C8A,blue,703
IL1RL2,grey,1238
WIPF3,turquoise,1278
MAGEA11,red,166
PCDHGA4,green,313
INHBE,grey,1238
ADAMTS2,turquoise,1278
BCMO1,grey,1238
ZYG11A,grey,1238
ADCY5,turquoise,1278
KRT6B,turquoise,1278
TMEM119,turquoise,1278
UGT2B4,blue,703
TYRP1,red,166
POU2AF1,brown,642
SV2B,grey,1238
TLX1,blue,703
WBSCR17,turquoise,1278
GREB1,black,147
DPP10,turquoise,1278
PDZRN3,turquoise,1278
PRND,turquoise,1278
PNMA6A,grey,1238
C9orf71,grey,1238
SGCA,turquoise,1278
CACNA1E,grey,1238
NCRNA00230B,grey,1238
TMEM27,blue,703
PDCD1,brown,642
BARX1,grey,1238
KRT12,red,166
CSMD2,turquoise,1278
CHGB,grey,1238
KMO,blue,703
ALPL,blue,703
FAM9B,grey,1238
GABRA3,red,166
CDH12,grey,1238
SPEG,turquoise,1278
LEPR,blue,703
ISM1,green,313
GNAZ,yellow,513
CDCP1,turquoise,1278
DNAH12,grey,1238
KIAA1211,turquoise,1278
BIK,black,147
C10orf81,yellow,513
LRFN5,red,166
C14orf132,turquoise,1278
DLK2,yellow,513
HMGCS2,blue,703
PTK7,turquoise,1278
EPHB6,turquoise,1278
AREG,brown,642
CNTNAP3,black,147
BCL2L14,brown,642
HOXC6,turquoise,1278
GLTPD2,blue,703
SLCO2A1,turquoise,1278
HOXA3,black,147
ANGPTL3,blue,703
LPAR1,turquoise,1278
CLEC4M,grey,1238
C1QTNF3,black,147
BAIAP2L2,grey,1238
COL4A3,turquoise,1278
C1orf175,grey,1238
CECR7,red,166
SLC4A4,green,313
PAIP2B,grey,1238
SLCO4A1,brown,642
SCAND3,grey,1238
ANKS6,turquoise,1278
SOSTDC1,grey,1238
KCNK15,turquoise,1278
LOXL1,turquoise,1278
ORM1,blue,703
NRG2,grey,1238
LAMC3,turquoise,1278
NCAM1,turquoise,1278
ZNF695,yellow,513
C6orf142,blue,703
AADAC,blue,703
SERPIND1,blue,703
C5orf58,red,166
MT2A,grey,1238
KCNG1,turquoise,1278
KIAA1549,grey,1238
DOK7,grey,1238
PDE11A,grey,1238
DDI2,green,313
FST,blue,703
ATOH8,grey,1238
TRIM17,yellow,513
HSD17B14,grey,1238
C12orf75,yellow,513
EPHB3,turquoise,1278
C9orf125,yellow,513
IL13RA2,grey,1238
FGF14,grey,1238
BEGAIN,turquoise,1278
FUT2,yellow,513
UNC13A,turquoise,1278
UBD,brown,642
B4GALNT3,turquoise,1278
RPS27,grey,1238
WNT2,turquoise,1278
PTPRT,turquoise,1278
SLC17A1,blue,703
LTF,turquoise,1278
SNHG3-RCC1,green,313
WT1,grey,1238
LAMA3,black,147
NAT8B,grey,1238
CRYAB,turquoise,1278
SLC22A25,blue,703
EPHA3,turquoise,1278
SLC45A2,black,147
LMX1B,turquoise,1278
ROR2,turquoise,1278
RNF17,red,166
KCNK1,grey,1238
PRR11,yellow,513
HAS2,turquoise,1278
MB,grey,1238
KIAA1755,turquoise,1278
ACMSD,blue,703
COLEC12,brown,642
DSCR4,red,166
ABCG5,blue,703
TIMD4,brown,642
SP5,black,147
ATP6V0D2,yellow,513
ZNF711,yellow,513
REEP1,turquoise,1278
PTPRH,grey,1238
STK33,grey,1238
MCHR1,blue,703
TM4SF5,blue,703
LY6E,turquoise,1278
CYP2C19,blue,703
ALDH8A1,blue,703
SLC25A18,blue,703
LOC154822,red,166
SIGLEC15,grey,1238
TRPC5,blue,703
ATP1A2,grey,1238
CLEC1B,turquoise,1278
DLX6,yellow,513
DHDPSL,grey,1238
TMEM145,yellow,513
SERHL2,turquoise,1278
GPM6A,turquoise,1278
IGF1,blue,703
DAB1,green,313
GLP1R,grey,1238
SLC38A4,blue,703
HCG4,grey,1238
RIC3,brown,642
C1orf130,blue,703
FGG,blue,703
ILDR2,green,313
ZNF883,yellow,513
ELMO3,turquoise,1278
CAMK2A,grey,1238
SNCG,grey,1238
TGFA,turquoise,1278
LRRC1,yellow,513
KCNE1L,grey,1238
GJB3,turquoise,1278
TF,blue,703
WNT5B,grey,1238
ORM2,blue,703
ALB,blue,703
ZSWIM5,grey,1238
NIPAL1,green,313
MAGEB1,red,166
TMPRSS6,blue,703
TYRO3,yellow,513
NGFR,turquoise,1278
CDH11,turquoise,1278
PLEKHG4,yellow,513
TMEM150B,grey,1238
MS4A8B,turquoise,1278
SLC22A9,blue,703
PDE3A,green,313
DRD1,blue,703
DPYSL4,turquoise,1278
ADAM12,turquoise,1278
KLK2,grey,1238
STAC,brown,642
GPR128,blue,703
NEURL,yellow,513
LOC100124692,turquoise,1278
UGT2B28,blue,703
CHRDL2,turquoise,1278
SLC23A3,blue,703
FBLN1,turquoise,1278
HNF1B,grey,1238
AFF3,grey,1238
TMED6,grey,1238
CXCL9,brown,642
SLC6A12,blue,703
PHGDH,grey,1238
FAM131C,turquoise,1278
PACRG,black,147
CLCNKA,grey,1238
MYBL2,yellow,513
FIBCD1,turquoise,1278
CPN1,blue,703
SLC24A3,turquoise,1278
PPP1R9A,yellow,513
SLC6A14,yellow,513
GMPR,grey,1238
ASNS,yellow,513
SFRP1,turquoise,1278
ROR1,green,313
CBLN1,blue,703
TPBG,turquoise,1278
CD38,brown,642
OBSL1,turquoise,1278
PCDHA10,turquoise,1278
ABHD1,blue,703
IBSP,yellow,513
LRRN1,turquoise,1278
OMD,turquoise,1278
LUZP2,black,147
IHH,grey,1238
ZNF716,red,166
COL4A6,grey,1238
MYH11,turquoise,1278
KAAG1,turquoise,1278
KRT85,grey,1238
CADM3,brown,642
GUCY1B2,yellow,513
HTR2B,grey,1238
CIDEA,grey,1238
FADS2,grey,1238
HOXD1,turquoise,1278
CCL18,brown,642
FAM66D,grey,1238
GABRE,grey,1238
SSTR2,brown,642
90288,blue,703
NPR3,green,313
AZGP1,blue,703
CILP2,turquoise,1278
PLAC8,brown,642
CXCL10,brown,642
RGS7BP,green,313
RGS1,brown,642
MEGF6,turquoise,1278
CD19,brown,642
SELE,blue,703
SULT1C4,green,313
OVOL2,turquoise,1278
LOC613037,green,313
GALNT12,turquoise,1278
SOX6,green,313
PCDHB8,turquoise,1278
SPTA1,grey,1238
ODZ3,turquoise,1278
NCOA2,green,313
MDFI,turquoise,1278
IRF4,brown,642
PCDHGA10,green,313
IDO1,brown,642
FAM135B,grey,1238
FGA,blue,703
C20orf114,turquoise,1278
DKK2,turquoise,1278
CD8B,brown,642
KIAA1324,brown,642
G0S2,blue,703
C20orf54,turquoise,1278
ANK3,turquoise,1278
PLA2G1B,grey,1238
F2RL2,turquoise,1278
FLJ42875,turquoise,1278
TBX3,black,147
SIM1,grey,1238
PF4V1,turquoise,1278
SIGLEC14,brown,642
AQP7P3,blue,703
NAT8,blue,703
TMEM139,grey,1238
CES3,blue,703
LARP6,turquoise,1278
LCN10,turquoise,1278
TSPY3,red,166
ZNF239,yellow,513
TOX3,black,147
DERL3,brown,642
ADAM28,brown,642
TMED3,yellow,513
CHRM3,red,166
COLEC11,turquoise,1278
CHST8,turquoise,1278
SERPINA3,blue,703
ABCC4,turquoise,1278
RBMY1A1,red,166
PGR,turquoise,1278
DNAJC12,black,147
PCDHGA12,green,313
MBOAT4,turquoise,1278
GPRC5A,turquoise,1278
FCGR3B,brown,642
LOC440173,red,166
DDX53,red,166
FGF2,black,147
RASSF3,green,313
IGFBPL1,yellow,513
LRRN2,turquoise,1278
KCNN2,turquoise,1278
DSG2,yellow,513
RASSF9,turquoise,1278
ITIH3,blue,703
PTPLB,green,313
GSTO2,grey,1238
MAGEA4,red,166
ITIH1,blue,703
CDH9,red,166
PGM5,grey,1238
RGS4,turquoise,1278
C8B,blue,703
EPN3,turquoise,1278
SLC26A9,turquoise,1278
TIMP1,turquoise,1278
TMEM63C,brown,642
ENAM,grey,1238
C1orf210,grey,1238
ZDBF2,turquoise,1278
CEL,grey,1238
CDA,blue,703
MDGA1,turquoise,1278
KCNK5,turquoise,1278
SLC16A4,green,313
MTUS2,grey,1238
FOXP3,grey,1238
CR2,brown,642
BAGE,red,166
COL5A1,turquoise,1278
HLA-DQA2,brown,642
PLGLB2,blue,703
FAM5C,red,166
SGCE,yellow,513
FCHO1,brown,642
KCNH3,turquoise,1278
PAH,blue,703
AKR1C2,blue,703
GFRA3,yellow,513
TTLL7,green,313
KLHL34,grey,1238
LINGO4,blue,703
HRCT1,grey,1238
MCF2L2,grey,1238
DNALI1,grey,1238
NAGS,blue,703
SDCBP2,turquoise,1278
S100A9,brown,642
CHI3L2,brown,642
C1orf126,turquoise,1278
GPR109B,brown,642
STOX1,yellow,513
STEAP4,grey,1238
GJA10,grey,1238
WNK3,green,313
TRIM16L,grey,1238
ECHDC3,blue,703
SLC6A1,blue,703
TG,black,147
KCNH6,grey,1238
INMT,turquoise,1278
COL3A1,turquoise,1278
F2,blue,703
PCDH7,turquoise,1278
C10orf108,grey,1238
PITX2,yellow,513
FAM43B,turquoise,1278
ABCA6,blue,703
RASD1,grey,1238
ADAMTSL3,green,313
HSPB6,turquoise,1278
PADI2,brown,642
CPA6,grey,1238
APBA2,turquoise,1278
ESYT3,yellow,513
DIRAS3,grey,1238
PCDHB2,turquoise,1278
MYOM1,grey,1238
SYT12,grey,1238
MIA2,green,313
CAMK2N2,grey,1238
XAGE5,red,166
PLGLA,blue,703
PAK3,grey,1238
LY6K,grey,1238
CLIP4,grey,1238
LOC441601,red,166
F13A1,brown,642
MAFA,grey,1238
KIAA0125,brown,642
SLC7A14,grey,1238
TREM1,brown,642
RCOR2,yellow,513
ME1,grey,1238
ABI3BP,turquoise,1278
CRTAC1,turquoise,1278
ZNF192,green,313
DOK6,turquoise,1278
CP,blue,703
KCNK2,turquoise,1278
HLA-DQB2,brown,642
CPXM1,turquoise,1278
IPW,grey,1238
TSPAN13,grey,1238
PHYHIPL,black,147
OLFM1,turquoise,1278
WLS,grey,1238
C6orf97,blue,703
EDAR,green,313
CALML3,grey,1238
TFAP2C,turquoise,1278
SLC17A3,blue,703
RAMP1,blue,703
PTPN13,turquoise,1278
ERP27,turquoise,1278
TMEM61,turquoise,1278
AASS,blue,703
TPTE2P1,grey,1238
GLUL,black,147
BCL11A,turquoise,1278
SLC46A3,blue,703
LRP4,grey,1238
CDRT1,grey,1238
COL8A2,turquoise,1278
KRT13,grey,1238
APOC2,blue,703
NAP1L6,red,166
FUT3,turquoise,1278
SOBP,grey,1238
C3orf66,grey,1238
DUSP15,grey,1238
LOC90586,blue,703
SIX4,grey,1238
SPTBN2,blue,703
PHLDA3,turquoise,1278
KCNK13,brown,642
SORCS1,yellow,513
UST,grey,1238
PCDHA3,turquoise,1278
CECR2,blue,703
ZNF541,blue,703
QSOX1,turquoise,1278
EIF5A2,turquoise,1278
PCDHAC1,turquoise,1278
PTPLA,turquoise,1278
NBPF10,green,313
CLDN18,yellow,513
C21orf56,yellow,513
GFAP,grey,1238
DDR1,turquoise,1278
MYH7B,black,147
VCAM1,brown,642
BEX5,grey,1238
LIMS3-LOC440895,grey,1238
OSR1,turquoise,1278
NCRNA00189,red,166
TNC,turquoise,1278
TMEM200B,grey,1238
SLC6A20,turquoise,1278
ZNF813,yellow,513
KCNJ10,brown,642
DNASE1L3,grey,1238
ARNTL2,brown,642
CHODL,grey,1238
NUDT16P1,grey,1238
EYA2,turquoise,1278
GRIK2,yellow,513
PVRL4,turquoise,1278
SLC38A1,brown,642
KRT15,turquoise,1278
GPR77,grey,1238
PAK6,yellow,513
GXYLT2,brown,642
HOXD10,grey,1238
CXCL2,blue,703
IGSF3,yellow,513
PLIN1,blue,703
CADM2,red,166
DBH,green,313
NPNT,turquoise,1278
TBX18,grey,1238
RDH12,grey,1238
RASL11B,turquoise,1278
SELP,turquoise,1278
MMP11,turquoise,1278
ZNF471,grey,1238
FBP1,blue,703
GLI2,turquoise,1278
BHLHE41,turquoise,1278
IGFN1,turquoise,1278
PRG2,blue,703
CXCL11,brown,642
SUSD3,grey,1238
SCN9A,grey,1238
BHLHE22,turquoise,1278
HIPK3,green,313
ZNF311,grey,1238
ST14,turquoise,1278
LOC134466,red,166
FBXO2,blue,703
KCNK3,turquoise,1278
FAM64A,yellow,513
ATP2C2,turquoise,1278
RRAD,turquoise,1278
TTLL2,grey,1238
ZBTB16,blue,703
CYP3A5,blue,703
PALM3,grey,1238
CLDN11,turquoise,1278
CCL28,grey,1238
HOMER1,brown,642
RIBC2,yellow,513
CXCR2P1,brown,642
MEP1B,blue,703
FGF12,grey,1238
ICAM5,grey,1238
SEL1L3,brown,642
C19orf46,grey,1238
ZNF229,yellow,513
VIPR1,grey,1238
NAALADL1,yellow,513
LOC162632,grey,1238
CNFN,turquoise,1278
SP8,yellow,513
APOM,blue,703
DDX43,grey,1238
RPL9,grey,1238
GLDC,blue,703
MMP2,turquoise,1278
GSTM3,grey,1238
MUC20,grey,1238
PLEKHH2,turquoise,1278
KIAA1324L,turquoise,1278
TRIM29,grey,1238
FCGR2C,brown,642
RHOBTB1,black,147
COL8A1,turquoise,1278
RHCE,blue,703
SEMA3B,grey,1238
BANK1,brown,642
CREB3L3,blue,703
CPXM2,turquoise,1278
CD27,brown,642
MCTP1,green,313
ACSM3,blue,703
C14orf180,turquoise,1278
RAP1GAP2,turquoise,1278
PCDHA4,turquoise,1278
TNFAIP6,turquoise,1278
ERAP2,grey,1238
NR0B2,blue,703
DEPDC1B,yellow,513
SUSD5,turquoise,1278
PRSS50,grey,1238
HSD17B3,grey,1238
ETNK2,blue,703
TCN1,turquoise,1278
PCOLCE,grey,1238
EDA2R,grey,1238
GSTM5,turquoise,1278
TMEM154,brown,642
SERPINA5,blue,703
CAPN8,grey,1238
PCDH9,turquoise,1278
LOC400043,turquoise,1278
LEAP2,blue,703
HES2,turquoise,1278
EDA,turquoise,1278
MNS1,grey,1238
C7orf58,blue,703
IL22RA1,blue,703
CLDN7,grey,1238
TMEM171,grey,1238
SEC14L2,blue,703
GBP5,brown,642
FGF13,grey,1238
TM4SF19,brown,642
HLA-DRB6,brown,642
ROS1,grey,1238
ITPKA,yellow,513
MT1DP,grey,1238
EFHD1,grey,1238
ZNF331,yellow,513
FRMD3,green,313
LRRC24,grey,1238
ZBTB7C,grey,1238
WIF1,black,147
EBF4,turquoise,1278
RERGL,turquoise,1278
PLBD1,brown,642
MXRA5,turquoise,1278
ISL2,yellow,513
GOLGA6A,blue,703
SHISA9,turquoise,1278
TNFRSF9,brown,642
RGS9,grey,1238
PCBP3,turquoise,1278
ZNF257,yellow,513
EN2,turquoise,1278
CDC20B,grey,1238
CTLA4,brown,642
CT45A1,red,166
OXCT1,brown,642
PVRL3,green,313
NRG4,grey,1238
RSPH1,turquoise,1278
FMO2,turquoise,1278
ACOT11,yellow,513
PADI3,grey,1238
ANKRD26P1,red,166
TMEM98,yellow,513
MT1B,grey,1238
PPFIA4,yellow,513
CYP4F3,blue,703
KIAA0802,turquoise,1278
CEACAM5,grey,1238
S100A2,brown,642
LEPREL2,turquoise,1278
CATSPERB,turquoise,1278
TCL6,red,166
ALOX5,brown,642
KLK11,turquoise,1278
ROPN1B,blue,703
C9orf66,brown,642
SLC38A3,blue,703
CDKN2A,grey,1238
DSCR6,yellow,513
PLAG1,grey,1238
C5orf46,turquoise,1278
MGAT5,green,313
MS4A10,grey,1238
C4orf6,grey,1238
OSMR,green,313
S100A1,grey,1238
HAS1,turquoise,1278
C5orf23,green,313
KRT81,turquoise,1278
TNNI3,yellow,513
ZNF703,green,313
GALNT3,turquoise,1278
GGT3P,grey,1238
ALOX12P2,grey,1238
EMID1,turquoise,1278
GJB6,yellow,513
CLSTN2,turquoise,1278
DKFZp686O24166,green,313
C10orf90,turquoise,1278
HOXA11,yellow,513
ADAP1,turquoise,1278
LSAMP,turquoise,1278
NAPSB,brown,642
PPP2R2B,brown,642
BAMBI,black,147
KISS1R,yellow,513
COL28A1,red,166
HTR3A,brown,642
MLF1,turquoise,1278
SEMA3A,brown,642
JSRP1,brown,642
SLC27A2,blue,703
C12orf36,turquoise,1278
PCDHB16,turquoise,1278
HMCN1,turquoise,1278
CLIC3,brown,642
BAALC,grey,1238
TM6SF2,blue,703
C1orf172,grey,1238
MAT1A,blue,703
DAZ1,grey,1238
DMGDH,blue,703
RAB34,turquoise,1278
PHLDA2,brown,642
FGGY,blue,703
C10orf35,yellow,513
ARSI,turquoise,1278
IGLON5,turquoise,1278
GZMK,brown,642
TPSG1,turquoise,1278
GAS2L3,green,313
CYP4F11,blue,703
CCR6,brown,642
NRG3,turquoise,1278
KCNT2,grey,1238
CST2,turquoise,1278
HLA-DRB5,brown,642
KCNH8,red,166
PCDHGB6,green,313
DEGS2,turquoise,1278
B3GALT2,brown,642
GEM,turquoise,1278
EMILIN3,grey,1238
SLC44A4,grey,1238
POU2F3,black,147
CSDC2,turquoise,1278
SELM,brown,642
PCDHGB7,green,313
FAM110C,grey,1238
PPAPDC1A,turquoise,1278
FCGBP,brown,642
ABCG2,blue,703
SEPT3,yellow,513
LTB,brown,642
SLC6A15,yellow,513
LOC400804,grey,1238
HS3ST3B1,green,313
SLC16A14,grey,1238
BATF,brown,642
GAL,turquoise,1278
SSX6,red,166
PKIA,brown,642
CH25H,turquoise,1278
ITGAD,brown,642
ATP2B2,blue,703
SYS1-DBNDD2,green,313
ODZ4,turquoise,1278
DNM1,turquoise,1278
KIF15,yellow,513
KPNA7,grey,1238
C1QL4,yellow,513
A4GNT,turquoise,1278
ZNF826,yellow,513
ANGPTL4,blue,703
MLPH,grey,1238
KLHL29,turquoise,1278
C1QTNF1,turquoise,1278
TNNT2,yellow,513
ATP10A,turquoise,1278
GLOD5,blue,703
SSC5D,turquoise,1278
GABRG2,red,166
S100A8,brown,642
PPP1R14C,turquoise,1278
SLC6A6,brown,642
PAR-SN,grey,1238
TFCP2L1,turquoise,1278
RNF157,grey,1238
ENTPD8,blue,703
ADH6,blue,703
CCBE1,turquoise,1278
HLF,black,147
CD8A,brown,642
ZNF320,yellow,513
ANO2,grey,1238
AMZ1,turquoise,1278
LOC647946,yellow,513
ITLN1,grey,1238
RICH2,turquoise,1278
EMILIN1,turquoise,1278
SPARCL1,black,147
ZNF28,yellow,513
SLC44A3,grey,1238
MUC12,brown,642
OTX1,yellow,513
TUBA4B,blue,703
SCN7A,turquoise,1278
VCX,red,166
RBP5,blue,703
SLC17A4,blue,703
SCGB1D2,grey,1238
CILP,turquoise,1278
CBLC,grey,1238
TTBK1,blue,703
CGA,grey,1238
ZNF334,grey,1238
XG,grey,1238
HSPB7,turquoise,1278
LPPR1,black,147
ROBO1,grey,1238
CD3D,brown,642
COL1A2,turquoise,1278
LRRN4,grey,1238
ALDH1A2,turquoise,1278
SHC4,grey,1238
TNIK,turquoise,1278
CHAC1,grey,1238
ALDOC,grey,1238
MAST1,grey,1238
KCNJ11,turquoise,1278
SLC7A1,turquoise,1278
MMP23B,turquoise,1278
SLC16A7,green,313
PDE1A,turquoise,1278
NPTX1,turquoise,1278
HR,turquoise,1278
HAPLN4,blue,703
MDK,yellow,513
HSD17B2,blue,703
ASXL3,blue,703
ZNF667,grey,1238
NAT8L,turquoise,1278
MEOX1,turquoise,1278
CD207,turquoise,1278
TDRD5,yellow,513
FAM159A,brown,642
UHMK1,green,313
FCER1A,turquoise,1278
HLA-DOB,brown,642
PKHD1L1,grey,1238
ART4,blue,703
NBPF9,green,313
SLC22A18AS,grey,1238
PLEKHN1,turquoise,1278
BAAT,blue,703
GRIK4,grey,1238
ARSJ,green,313
SLC5A9,grey,1238
TMEM40,grey,1238
ZNF215,brown,642
PROX1,green,313
ADCY10,blue,703
TLE6,grey,1238
TRIM15,grey,1238
ABCC8,grey,1238
BAI2,turquoise,1278
SLC14A2,black,147
GTF2H2B,grey,1238
SLC22A3,blue,703
CXCL12,turquoise,1278
CLSPN,yellow,513
ATAD3C,grey,1238
C12orf39,grey,1238
PBX1,turquoise,1278
TP73,grey,1238
C15orf59,turquoise,1278
KIF25,grey,1238
IRF6,blue,703
SCGB2A1,grey,1238
MBL1P,grey,1238
KCNS3,turquoise,1278
DTNA,grey,1238
IL21R,brown,642
GAST,grey,1238
LDOC1,turquoise,1278
PFKP,brown,642
TNNI2,brown,642
ADAMTS3,turquoise,1278
GPR109A,brown,642
ABCA13,red,166
MGAT4C,grey,1238
CYP2S1,brown,642
ANKRD36BP1,green,313
MYBPHL,grey,1238
PTN,turquoise,1278
ADAMTSL5,grey,1238
ZBED2,brown,642
CD109,grey,1238
ABCC9,blue,703
LOC440925,black,147
MYOM2,turquoise,1278
TMIE,grey,1238
SCD,grey,1238
IL27,blue,703
LOC150197,grey,1238
PNMT,grey,1238
HIST1H2AG,grey,1238
SCARA3,grey,1238
SUSD2,turquoise,1278
KCTD14,grey,1238
ITIH4,blue,703
GPT,blue,703
KLHL23,green,313
IL6,turquoise,1278
NXN,turquoise,1278
AVIL,green,313
SSX3,red,166
ZDHHC20,green,313
SCD5,turquoise,1278
PLD4,brown,642
PCDHB11,turquoise,1278
GAS1,turquoise,1278
JAKMIP2,blue,703
SSPO,green,313
BMPR1B,turquoise,1278
PAX2,grey,1238
KIF6,grey,1238
C3orf15,grey,1238
IL1RL1,turquoise,1278
FABP6,yellow,513
TMEM74,grey,1238
SLC22A8,grey,1238
ASPN,turquoise,1278
KIF12,yellow,513
CXCL3,turquoise,1278
MFSD7,turquoise,1278
RASSF6,turquoise,1278
KIAA0754,green,313
CLEC5A,brown,642
PNMA2,turquoise,1278
ZNF468,yellow,513
LINGO1,turquoise,1278
PRRG2,grey,1238
HAPLN1,grey,1238
ASB4,blue,703
TCAP,grey,1238
TNFSF9,brown,642
C14orf73,blue,703
PLA2G12B,blue,703
PMEPA1,turquoise,1278
PLEKHG6,grey,1238
TFPI2,turquoise,1278
PCDHA7,grey,1238
SLAMF9,grey,1238
LOC148709,black,147
C21orf90,grey,1238
FRMD1,yellow,513
PLA2R1,turquoise,1278
RPL10L,red,166
SIRPG,brown,642
CERCAM,turquoise,1278
ARMCX3,turquoise,1278
SSPN,turquoise,1278
NGFRAP1,grey,1238
AIM2,brown,642
AKAP12,green,313
ENO3,grey,1238
SPATA13,green,313
SCIN,turquoise,1278
ACPT,yellow,513
KLHDC8A,turquoise,1278
C6orf168,turquoise,1278
ENTPD3,turquoise,1278
TIGIT,brown,642
KRTAP5-2,grey,1238
RBMY2FP,red,166
C11orf93,yellow,513
SBNO1,green,313
AKR1C1,grey,1238
RTN4RL1,turquoise,1278
ST6GALNAC2,grey,1238
BTBD16,blue,703
PDLIM4,turquoise,1278
RBM24,grey,1238
PPM1H,turquoise,1278
RAB27B,turquoise,1278
HSPA7,brown,642
C1orf168,blue,703
RNF165,grey,1238
SPDYC,blue,703
CACNA1D,turquoise,1278
MYH13,turquoise,1278
HOXB9,turquoise,1278
RGPD5,green,313
MGP,turquoise,1278
CDH6,turquoise,1278
DLX5,yellow,513
SEMA6A,turquoise,1278
ACPP,grey,1238
CRABP2,turquoise,1278
SYTL5,grey,1238
PTH1R,turquoise,1278
ESPNL,grey,1238
ADAMTS12,green,313
DLG3,turquoise,1278
FBLN5,turquoise,1278
ZNF844,green,313
SYNGR3,brown,642
TLR10,brown,642
UPK3BL,grey,1238
ADAM22,yellow,513
GPR98,blue,703
CCL11,turquoise,1278
LTK,turquoise,1278
AMOT,green,313
LY96,brown,642
GLB1L3,red,166
NPY1R,turquoise,1278
GCKR,blue,703
LPAL2,blue,703
C11orf41,turquoise,1278
DSEL,turquoise,1278
PRICKLE1,turquoise,1278
SULT1A2,blue,703
ZNF681,yellow,513
SMOC2,turquoise,1278
SYT17,grey,1238
C15orf43,blue,703
PDK4,blue,703
TTC9,black,147
RARRES1,brown,642
TMEM132E,turquoise,1278
RTKN2,yellow,513
EDN2,grey,1238
CPLX1,grey,1238
CRYBG3,green,313
LOC100132354,black,147
KLHL3,turquoise,1278
PRAMEF6,grey,1238
LOC285629,grey,1238
COL5A3,blue,703
ZNF702P,yellow,513
PCDHGA8,grey,1238
LCAT,blue,703
TPPP2,blue,703
PARD3B,green,313
ABCC2,blue,703
ZDHHC8P1,turquoise,1278
C6orf222,brown,642
CHST5,grey,1238
PREX2,green,313
ITGA11,turquoise,1278
FCGR1A,brown,642
SERPINE1,grey,1238
TEX15,yellow,513
F2RL3,turquoise,1278
FNIP2,green,313
C1orf161,green,313
SGSM1,turquoise,1278
ALPK3,grey,1238
MAL2,grey,1238
CCDC8,turquoise,1278
VASH2,grey,1238
GGT5,turquoise,1278
NOL4,blue,703
HAGHL,brown,642
TFR2,blue,703
SLC5A10,grey,1238
EPB41L1,turquoise,1278
LRRC19,grey,1238
CPA2,grey,1238
MAP3K15,yellow,513
LGALS3BP,brown,642
ARID3C,blue,703
NPB,grey,1238
IQCH,black,147
SLC38A5,brown,642
MAGEA9B,red,166
VSIG10L,grey,1238
GPR97,grey,1238
SUCNR1,green,313
NRSN2,yellow,513
PTGER1,turquoise,1278
EPR1,yellow,513
RAB36,turquoise,1278
COL4A4,turquoise,1278
NPHP4,turquoise,1278
ST6GALNAC5,brown,642
C13orf33,turquoise,1278
CD1E,brown,642
LY6H,turquoise,1278
FCRL3,brown,642
RBP4,blue,703
IL2RA,brown,642
DBC1,turquoise,1278
FRRS1,green,313
TSKU,blue,703
CR1,brown,642
NEIL3,yellow,513
CCL26,turquoise,1278
CST4,black,147
LOC338651,turquoise,1278
TNFRSF17,brown,642
LOC641298,green,313
TRIM40,grey,1238
ITGB3,green,313
SHISA2,turquoise,1278
SERPINF2,blue,703
SCNN1A,grey,1238
SRPX2,turquoise,1278
TTK,yellow,513
CA3,grey,1238
GNAL,grey,1238
CDKN1C,turquoise,1278
FADS1,grey,1238
MMP3,grey,1238
PFN2,brown,642
TWIST2,turquoise,1278
BASP1,brown,642
STK39,turquoise,1278
LPPR4,green,313
CCNJL,turquoise,1278
PCDHB3,grey,1238
IRX5,grey,1238
SIGLEC12,brown,642
CCNT1,green,313
TUBB4,grey,1238
C1orf88,yellow,513
CD1C,brown,642
LOC153328,grey,1238
CYP1B1,turquoise,1278
FIGNL2,yellow,513
SESN3,green,313
REST,green,313
PLN,turquoise,1278
FAM83A,grey,1238
UGT8,yellow,513
CRISPLD2,turquoise,1278
DUSP5P,yellow,513
MRC2,turquoise,1278
PRSS21,brown,642
HECW1,grey,1238
NCRNA00093,blue,703
LPHN1,turquoise,1278
SKAP1,brown,642
PCDHGB1,green,313
CCDC13,grey,1238
ZNF83,yellow,513
MAP2,grey,1238
FSTL3,turquoise,1278
KCTD17,yellow,513
PRRT4,grey,1238
BMPER,turquoise,1278
ASAH2,green,313
ANGPTL7,grey,1238
SYN1,turquoise,1278
RFPL4A,grey,1238
ANKRD29,black,147
LGALS9C,brown,642
HMGN5,blue,703
CT47B1,red,166
TIAM2,turquoise,1278
CDH3,turquoise,1278
C5orf30,brown,642
AMDHD1,blue,703
ATP6V1B1,turquoise,1278
UTS2,brown,642
NPBWR1,turquoise,1278
REEP2,yellow,513
NBEA,turquoise,1278
FOXA3,grey,1238
PCDHB13,turquoise,1278
KCNK17,turquoise,1278
SLC16A10,grey,1238
N4BP2,green,313
SNTG1,black,147
BARD1,green,313
CCL14-CCL15,blue,703
TTTY14,grey,1238
FOS,turquoise,1278
NAALADL2,green,313
CXorf48,red,166
ID4,turquoise,1278
CYP4F12,blue,703
TBX1,turquoise,1278
CLDN3,blue,703
IFI44L,brown,642
ZNF135,grey,1238
GSDMC,grey,1238
GPAT2,grey,1238
ITGA2,green,313
TCTEX1D1,grey,1238
CYP27C1,grey,1238
BIRC7,brown,642
CCNE1,yellow,513
GGTLC1,grey,1238
CCBP2,blue,703
TREM2,brown,642
TNFAIP8L3,turquoise,1278
C11orf92,yellow,513
MMP28,turquoise,1278
WISP1,turquoise,1278
ENO2,brown,642
ARHGAP28,turquoise,1278
HTR4,grey,1238
TCL1A,brown,642
FBXL21,grey,1238
HGD,blue,703
CACNB4,black,147
TUBB2B,grey,1238
SEPT14,red,166
UPK1A,yellow,513
TBC1D3C,grey,1238
TUBA3D,grey,1238
INPP5J,yellow,513
NME5,turquoise,1278
BAI1,turquoise,1278
ALDH3B2,turquoise,1278
CD7,brown,642
PRR19,yellow,513
PCNXL2,turquoise,1278
PAPPA,turquoise,1278
C14orf105,grey,1238
DAGLA,turquoise,1278
NAP1L3,turquoise,1278
KCNAB2,brown,642
C1orf170,brown,642
KCNE4,turquoise,1278
IL28RA,blue,703
CD177,brown,642
DMRTA1,blue,703
MYH1,grey,1238
HERC2P4,red,166
C6orf176,turquoise,1278
SCNN1B,grey,1238
EPSTI1,brown,642
NEK10,grey,1238
FAT4,green,313
BLK,brown,642
MAP9,turquoise,1278
PPTC7,green,313
APOD,turquoise,1278
SLAMF7,brown,642
PIWIL4,turquoise,1278
SLC7A9,blue,703
TDRD9,brown,642
SPATA17,yellow,513
DUOX1,yellow,513
MUSTN1,grey,1238
BDKRB2,turquoise,1278
NAALAD2,yellow,513
IGSF10,green,313
SLC35F3,turquoise,1278
LOC29034,blue,703
VGF,yellow,513
PKNOX2,turquoise,1278
ARHGAP36,grey,1238
CHAD,blue,703
ONECUT1,green,313
TRIM16,grey,1238
DISP2,grey,1238
ETV7,brown,642
SCG2,turquoise,1278
NR2F1,green,313
F11,blue,703
MSMB,grey,1238
C22orf45,blue,703
PRTG,turquoise,1278
CIB2,yellow,513
ZNF714,yellow,513
ENTPD2,yellow,513
TROAP,yellow,513
C12orf59,grey,1238
C6orf154,grey,1238
GHR,blue,703
DUSP13,grey,1238
CDC20,yellow,513
RYR1,brown,642
COL11A2,grey,1238
BHMT2,blue,703
DPCR1,grey,1238
CLEC4E,brown,642
RENBP,brown,642
ELOVL2,blue,703
C15orf27,yellow,513
RDM1,yellow,513
GDF7,green,313
LRRC26,grey,1238
HIST1H2AE,grey,1238
PIPOX,blue,703
C17orf96,grey,1238
FAM83B,turquoise,1278
ICAM4,brown,642
TMPRSS4,turquoise,1278
LIPC,blue,703
C14orf53,blue,703
PKP1,turquoise,1278
TPRXL,red,166
CCL15,blue,703
RAB3D,turquoise,1278
SEMA3D,brown,642
ABCA9,blue,703
AMBP,blue,703
HIST1H4H,grey,1238
GPR182,turquoise,1278
CORIN,black,147
BMP5,turquoise,1278
CTSW,brown,642
ZNF880,yellow,513
TMEM200A,turquoise,1278
MPP2,yellow,513
CDC25C,yellow,513
CMYA5,grey,1238
CCDC64,yellow,513
ITIH2,blue,703
KLHDC7A,grey,1238
SFTPD,grey,1238
SNX7,grey,1238
FPR1,brown,642
LOC100130933,grey,1238
GLIS3,turquoise,1278
C20orf70,yellow,513
RGS16,grey,1238
TRIM6,brown,642
PLCH1,yellow,513
F3,turquoise,1278
TMEM90B,turquoise,1278
ICOS,brown,642
TGFB2,turquoise,1278
P2RX7,green,313
TUBA3E,grey,1238
ESM1,grey,1238
TMEM25,grey,1238
RFPL1S,grey,1238
MAPK15,turquoise,1278
DFNA5,brown,642
CD22,brown,642
UTS2D,grey,1238
TEK,turquoise,1278
C9orf98,turquoise,1278
HHLA2,yellow,513
NDRG4,turquoise,1278
ANGPTL6,blue,703
S100A6,brown,642
MPPED2,grey,1238
NTN1,blue,703
CAMK1D,black,147
FLG,green,313
MOV10L1,blue,703
GOLIM4,green,313
RLTPR,brown,642
NFE2,grey,1238
CCL13,brown,642
RNASE2,brown,642
TNFRSF18,brown,642
COL21A1,grey,1238
SLC30A4,green,313
SNCAIP,turquoise,1278
FZD10,turquoise,1278
SH3RF3,turquoise,1278
AADAT,blue,703
FAM13C,green,313
DSC3,brown,642
HBB,grey,1238
BIRC5,yellow,513
MYH3,black,147
DZIP1,turquoise,1278
TSPO2,grey,1238
SHROOM2,turquoise,1278
SLC28A2,grey,1238
E2F8,yellow,513
ADM2,yellow,513
TTC22,green,313
AIM1L,grey,1238
UNC5A,turquoise,1278
GPC1,turquoise,1278
ZNF525,yellow,513
MPP3,turquoise,1278
TPPP,grey,1238
ENOX1,black,147
A2M,grey,1238
BGN,turquoise,1278
SGIP1,turquoise,1278
FZD7,turquoise,1278
KSR2,yellow,513
HOXC8,grey,1238
SLC25A24,yellow,513
GIPC2,blue,703
SOX4,yellow,513
OXCT2,grey,1238
CCL3L1,brown,642
SLC19A3,grey,1238
PMAIP1,brown,642
CD36,grey,1238
LOC201651,blue,703
NECAB1,grey,1238
MST4,yellow,513
RORC,blue,703
COL27A1,green,313
NUF2,yellow,513
KIAA0408,grey,1238
CDKL5,green,313
DMBX1,yellow,513
CCDC155,grey,1238
CDX2,yellow,513
CAPN9,grey,1238
C1orf59,brown,642
VAX2,turquoise,1278
MRC1,brown,642
APLNR,turquoise,1278
RIMBP2,grey,1238
KIF2C,yellow,513
SPOCD1,brown,642
PSAPL1,yellow,513
GPSM1,turquoise,1278
ACAP1,brown,642
ADRB2,blue,703
FAM184A,blue,703
CXCR6,brown,642
PMFBP1,grey,1238
GPR44,grey,1238
PRR5-ARHGAP8,grey,1238
MAPK10,turquoise,1278
THNSL2,grey,1238
DLX4,yellow,513
P2RX6,grey,1238
BDKRB1,turquoise,1278
CTNNA3,blue,703
DCX,grey,1238
CLDN22,grey,1238
CCDC74A,turquoise,1278
LOC100170939,green,313
FAM65C,turquoise,1278
TMPRSS13,turquoise,1278
CPB2,blue,703
PTGS2,turquoise,1278
TM4SF4,blue,703
ARID3A,yellow,513
PRIMA1,turquoise,1278
MCOLN2,brown,642
ADRB1,grey,1238
THBS1,turquoise,1278
CDK18,grey,1238
STAG3,blue,703
SNORD116-28,green,313
C4BPB,blue,703
FLJ42289,blue,703
KIAA1984,yellow,513
CDK6,black,147
DACT1,turquoise,1278
PRRX2,turquoise,1278
HLA-DQB1,brown,642
SLC25A27,grey,1238
PRKAR2B,brown,642
HIST1H2BJ,grey,1238
LOC645166,yellow,513
ADRA1B,blue,703
GALNTL1,turquoise,1278
KAL1,turquoise,1278
SLCO6A1,red,166
C10orf128,green,313
FAM27C,yellow,513
KIAA1804,green,313
DGCR9,grey,1238
BHLHA15,green,313
OSGIN1,blue,703
KLB,blue,703
SPNS3,brown,642
ABCC11,blue,703
PKD2L1,black,147
PGBD5,grey,1238
MLLT3,brown,642
ZMYND12,blue,703
VWDE,turquoise,1278
KCND2,turquoise,1278
RAG1,green,313
C11orf53,yellow,513
FHAD1,yellow,513
IGF1R,turquoise,1278
EGR2,turquoise,1278
KCNS1,turquoise,1278
RUNDC3B,blue,703
ICA1,grey,1238
FAM171A2,turquoise,1278
ADAM33,turquoise,1278
HDC,blue,703
HCN4,turquoise,1278
FAM70A,brown,642
VDR,brown,642
MYBPH,grey,1238
TSPAN11,turquoise,1278
DDR2,green,313
PRR18,blue,703
LYNX1,blue,703
ZNF827,green,313
PTX3,turquoise,1278
C8orf46,blue,703
LOC220594,grey,1238
NDN,turquoise,1278
SCML4,brown,642
ALOX5AP,brown,642
TDRD10,grey,1238
MAP3K5,green,313
VIPR2,turquoise,1278
UGCG,green,313
SYT2,turquoise,1278
C9orf57,grey,1238
FLRT3,grey,1238
KIF5C,turquoise,1278
MXRA8,turquoise,1278
BEND5,turquoise,1278
SLC2A4,grey,1238
ARHGAP20,green,313
HIF3A,grey,1238
CRYM,blue,703
LRRC4C,turquoise,1278
ZNF492,yellow,513
DUSP4,brown,642
MYO16,blue,703
HSH2D,brown,642
MYO3A,turquoise,1278
UBE2C,yellow,513
ACY3,blue,703
IL2RG,brown,642
RALGAPA2,green,313
PTGR1,blue,703
B3GNT7,brown,642
F7,blue,703
GDF1,yellow,513
EFCAB4A,turquoise,1278
GPX7,yellow,513
TGFBRAP1,green,313
FBXO16,grey,1238
CD2,brown,642
C1orf61,grey,1238
KREMEN2,yellow,513
CD3G,brown,642
ZNF683,brown,642
ITGA3,turquoise,1278
ARHGEF35,grey,1238
GPAM,blue,703
FRMD7,grey,1238
CA1,grey,1238
DLGAP5,yellow,513
SLC6A3,turquoise,1278
EFS,turquoise,1278
CGREF1,grey,1238
DGKG,brown,642
L1CAM,brown,642
NUP62CL,grey,1238
KLHL30,turquoise,1278
RGS11,turquoise,1278
NEFL,turquoise,1278
ASPA,grey,1238
FCRLB,grey,1238
DCXR,blue,703
ARMC4,grey,1238
PITPNM3,turquoise,1278
SOX11,turquoise,1278
WFDC1,turquoise,1278
340602,red,166
LAMP3,brown,642
RGS2,brown,642
HOXD4,grey,1238
PROK1,grey,1238
CENPA,yellow,513
ULBP2,turquoise,1278
UNC5D,grey,1238
JAKMIP3,turquoise,1278
ZSCAN18,grey,1238
KLK10,turquoise,1278
LRRC7,turquoise,1278
C9orf140,yellow,513
ZNF354C,green,313
LIPG,blue,703
C20orf151,turquoise,1278
LRG1,blue,703
AMH,grey,1238
KYNU,grey,1238
FOXF2,turquoise,1278
CALY,grey,1238
ZBP1,brown,642
LTBP2,turquoise,1278
FOLH1,blue,703
INHBA,green,313
ZNF781,yellow,513
INSIG1,blue,703
ARRDC4,grey,1238
METRN,grey,1238
PRSS1,grey,1238
C6orf123,blue,703
RAPGEF6,green,313
TMEM54,turquoise,1278
SLC2A1,brown,642
GUCY2D,grey,1238
PRUNE2,brown,642
INSC,grey,1238
TMEM150C,green,313
PVT1,grey,1238
FKBP10,turquoise,1278
BIRC3,brown,642
CAPG,brown,642
C20orf118,brown,642
ART5,grey,1238
LOC100130238,grey,1238
PRKD1,turquoise,1278
HLA-DQA1,brown,642
RNF186,yellow,513
KIF4A,yellow,513
GREB1L,green,313
LAMB3,grey,1238
ITGA9,turquoise,1278
FLJ40330,brown,642
C6orf174,turquoise,1278
BRIP1,green,313
XCL1,brown,642
BCL2A1,brown,642
CTXN1,turquoise,1278
ANTXR1,turquoise,1278
SLC6A9,grey,1238
PLTP,brown,642
SERPINA10,blue,703
GPR110,black,147
MTNR1B,yellow,513
KCNJ15,grey,1238
UMODL1,grey,1238
LGALS9B,grey,1238
CHADL,grey,1238
KIF23,yellow,513
LOX,turquoise,1278
SLC45A4,turquoise,1278
BUB1B,yellow,513
FOXL1,turquoise,1278
THSD4,green,313
DKK3,turquoise,1278
UAP1L1,brown,642
CYTSB,turquoise,1278
CCL22,brown,642
AMOTL1,turquoise,1278
ZNF682,yellow,513
LOC100192378,grey,1238
GLT25D2,turquoise,1278
ITGA8,green,313
RAD54L,yellow,513
LOC100133669,grey,1238
FHL2,turquoise,1278
FAM153A,turquoise,1278
CD3E,brown,642
GDF15,grey,1238
CD5,brown,642
LAG3,brown,642
TP63,grey,1238
MAN1C1,blue,703
CRIP3,blue,703
DGAT2,blue,703
SSX5,red,166
ZC3HAV1L,green,313
TMEM195,blue,703
KIF18B,yellow,513
CHIC1,brown,642
GRAP2,brown,642
KISS1,grey,1238
AATK,turquoise,1278
ZNF300,yellow,513
TRAT1,brown,642
PSTPIP1,brown,642
ENPP2,grey,1238
GPR75,green,313
CCDC144B,green,313
ELOVL3,yellow,513
KIAA1644,turquoise,1278
VEGFB,yellow,513
MBOAT2,turquoise,1278
SRPK3,turquoise,1278
STMN3,turquoise,1278
WIT1,grey,1238
LOC153910,grey,1238
CD44,brown,642
RNASE7,grey,1238
LOC647859,grey,1238
PLAC9,turquoise,1278
C1QTNF7,turquoise,1278
CHRFAM7A,turquoise,1278
SEMA4F,grey,1238
IGFBP5,turquoise,1278
FCN1,brown,642
CASQ2,grey,1238
ZNF391,yellow,513
LRRC2,blue,703
EGFL6,turquoise,1278
CYBA,brown,642
SH2D2A,brown,642
RIMS2,red,166
VGLL3,turquoise,1278
NR4A3,turquoise,1278
PLA2G4F,turquoise,1278
ZNF793,yellow,513
CD6,brown,642
FMN2,grey,1238
ADAMTS18,grey,1238
RFX6,black,147
RIMKLA,turquoise,1278
BST2,grey,1238
BMP4,black,147
SERINC5,green,313
CENPI,yellow,513
SIT1,brown,642
CTAGE9,grey,1238
PCDHB7,turquoise,1278
TMEM144,brown,642
CDH10,yellow,513
NKX3-2,yellow,513
TSPAN10,grey,1238
KCNC1,yellow,513
LGALS3,turquoise,1278
AUTS2,blue,703
ACP5,brown,642
TMEM132A,turquoise,1278
SLC2A6,brown,642
EYA1,yellow,513
REEP6,blue,703
CHST11,brown,642
TXLNB,brown,642
KCNN4,brown,642
PTPRU,turquoise,1278
TOP2A,yellow,513
C9orf129,green,313
SLC23A1,blue,703
CLDN15,blue,703
KIF20A,yellow,513
FAM132A,grey,1238
CRISPLD1,turquoise,1278
GPR171,brown,642
LOC650623,green,313
PFKFB3,turquoise,1278
GABBR1,turquoise,1278
FAM81A,yellow,513
FBXO27,grey,1238
NR4A2,grey,1238
LRAT,grey,1238
CPA4,turquoise,1278
GIPR,turquoise,1278
BUB1,yellow,513
SIGLEC8,brown,642
ETV1,grey,1238
DHDH,yellow,513
USP12,green,313
C21orf29,grey,1238
CCDC109B,brown,642
QPCT,brown,642
S100B,brown,642
HCN1,grey,1238
RALYL,grey,1238
COL12A1,turquoise,1278
SH2D1A,brown,642
FBXL2,turquoise,1278
KLRB1,brown,642
APBA1,blue,703
LGI2,turquoise,1278
WSCD1,turquoise,1278
CORO2B,turquoise,1278
MN1,turquoise,1278
ANKRD43,blue,703
ZNF93,yellow,513
BDH1,blue,703
ABCA10,grey,1238
RBM20,grey,1238
PCDHGA1,green,313
GDF6,turquoise,1278
MGC12916,grey,1238
LOC441204,turquoise,1278
SH2D3A,turquoise,1278
SYN3,grey,1238
OLFML3,turquoise,1278
LEPROT,green,313
HOXD8,grey,1238
GYG2,grey,1238
HOMER2,blue,703
CD300LB,brown,642
TMEM158,brown,642
TLR8,brown,642
IPMK,green,313
GPRIN3,brown,642
PLA2G4A,turquoise,1278
SYT15,grey,1238
CADM4,grey,1238
CYP4X1,blue,703
PCDHB9,turquoise,1278
ERN1,green,313
PCSK5,turquoise,1278
CRMP1,turquoise,1278
ZNF430,green,313
MTMR11,grey,1238
CYP7B1,blue,703
GC,blue,703
SLC34A1,blue,703
DCLK1,turquoise,1278
OXTR,turquoise,1278
C16orf89,turquoise,1278
C8orf84,grey,1238
CYFIP2,grey,1238
CASKIN1,yellow,513
BEAN,turquoise,1278
CLDN16,green,313
MAMDC2,turquoise,1278
FGF1,turquoise,1278
WBSCR28,grey,1238
MS4A2,brown,642
TRO,blue,703
HAPLN3,brown,642
C3orf67,green,313
ATP1A3,brown,642
ANG,blue,703
LHX2,turquoise,1278
KLC3,turquoise,1278
ALDH6A1,blue,703
PRRX1,turquoise,1278
CCL2,turquoise,1278
FAM160A1,grey,1238
MEI1,brown,642
CSF2RA,brown,642
CPNE6,grey,1238
ULBP1,turquoise,1278
DIO3OS,grey,1238
TMEM200C,turquoise,1278
FUT4,turquoise,1278
FAM163B,turquoise,1278
FMO5,blue,703
SLC7A4,turquoise,1278
CDSN,turquoise,1278
PRICKLE2,turquoise,1278
DEPDC1,yellow,513
LPAR3,grey,1238
CNN1,turquoise,1278
SBK1,yellow,513
IKBKE,brown,642
MTMR7,yellow,513
CMBL,blue,703
ABLIM2,turquoise,1278
FAM69C,grey,1238
STOX2,green,313
KLF7,green,313
TSHZ2,green,313
MLLT11,grey,1238
C9orf110,brown,642
GDNF,grey,1238
ANK1,brown,642
E2F7,yellow,513
C17orf28,turquoise,1278
GPT2,blue,703
CTAGE4,grey,1238
MBNL3,green,313
ZNF560,yellow,513
DDIT4L,grey,1238
ARHGEF37,grey,1238
AMIGO2,turquoise,1278
ANKS4B,blue,703
C16orf73,grey,1238
ADORA2B,yellow,513
MEOX2,grey,1238
JAKMIP1,brown,642
DPF3,grey,1238
FAM169A,black,147
FAM40B,yellow,513
ETV3,green,313
PROC,blue,703
CCL14,grey,1238
TRPM6,grey,1238
CDHR1,brown,642
MYOCD,turquoise,1278
HBE1,red,166
AGBL2,grey,1238
MYBPC1,grey,1238
NCKAP5,green,313
NCF1C,brown,642
P2RX2,grey,1238
AMACR,black,147
GOLM1,brown,642
TNN,turquoise,1278
GTF2A1,green,313
DKFZp779M0652,blue,703
PCDHGA7,green,313
PLK1,yellow,513
AAA1,yellow,513
SLIT3,turquoise,1278
MCM10,yellow,513
TACR1,grey,1238
PTTG1,yellow,513
SKA1,yellow,513
ISYNA1,turquoise,1278
ZNF486,yellow,513
FBXO41,brown,642
CD69,brown,642
ZNF610,yellow,513
NEK2,yellow,513
PYHIN1,brown,642
LRP8,brown,642
TPRG1,blue,703
ACTG2,grey,1238
MPP7,grey,1238
COL23A1,turquoise,1278
LIFR,turquoise,1278
MCC,green,313
C14orf72,brown,642
ASCL2,brown,642
TRIM10,grey,1238
EHHADH,blue,703
PSCA,turquoise,1278
CACNA2D3,grey,1238
OSBP2,yellow,513
ANKRD53,grey,1238
APOB,blue,703
SLC2A12,grey,1238
PTGER3,turquoise,1278
CES2,blue,703
TBC1D10C,brown,642
KIF18A,yellow,513
CARD11,brown,642
LYVE1,grey,1238
SULF2,turquoise,1278
TRPC3,grey,1238
CCDC144A,green,313
PAR5,green,313
SLC35F2,brown,642
SLC1A5,brown,642
EOMES,brown,642
ZFP57,grey,1238
GALNT14,turquoise,1278
C21orf63,turquoise,1278
CBX6,turquoise,1278
FAM38B,green,313
BAGE2,red,166
NMNAT2,turquoise,1278
AIFM3,yellow,513
ZDHHC11,grey,1238
NCF1,brown,642
ZNF280B,brown,642
LRRC3,blue,703
RNF150,turquoise,1278
SPIRE1,turquoise,1278
FHDC1,turquoise,1278
CLVS2,grey,1238
RUNDC3A,yellow,513
IL1B,brown,642
LRRC6,grey,1238
CCL4L2,brown,642
ASGR1,blue,703
SLC22A4,black,147
ADCYAP1,grey,1238
RNF43,black,147
KCNJ6,grey,1238
MFAP5,turquoise,1278
TAF4B,turquoise,1278
RGS13,brown,642
LRRC16A,turquoise,1278
CXCR5,brown,642
SLC16A3,brown,642
CLDN14,blue,703
IL33,turquoise,1278
DACT3,turquoise,1278
SLC6A10P,yellow,513
C1QL3,green,313
MAMLD1,turquoise,1278
RAVER2,yellow,513
OOEP,grey,1238
SLC47A1,blue,703
GPR84,brown,642
IL20RB,red,166
KAZALD1,grey,1238
ZNF662,grey,1238
PCSK9,blue,703
C8G,blue,703
SYT5,yellow,513
CAND2,turquoise,1278
CCR2,brown,642
ABAT,blue,703
IL34,turquoise,1278
FAM84A,turquoise,1278
TNFSF15,turquoise,1278
ANK2,brown,642
ADRBK2,black,147
GTSE1,yellow,513
OASL,blue,703
SPATA6,green,313
FAM26F,brown,642
GPR17,green,313
CCR7,brown,642
CENPM,yellow,513
LTBP4,turquoise,1278
ITK,brown,642
ABCA4,grey,1238
ERC2,red,166
SEPT4,black,147
MSLN,grey,1238
C2orf40,turquoise,1278
GPBAR1,turquoise,1278
652919,green,313
CCNB2,yellow,513
CKAP2L,yellow,513
SLC7A2,blue,703
PHKA1,grey,1238
ZNF568,grey,1238
RAP1GAP,turquoise,1278
ANLN,yellow,513
CFP,brown,642
P2RY10,brown,642
APBB1IP,brown,642
ASAH2B,green,313
CCDC113,grey,1238
B3GNT5,green,313
DUSP26,brown,642
CHST10,yellow,513
C6orf186,green,313
IER3,brown,642
ZNF816A,yellow,513
PCDHB14,turquoise,1278
HIST1H3H,grey,1238
FOXC1,turquoise,1278
HLA-G,brown,642
C14orf37,turquoise,1278
LOC730101,grey,1238
TMEM121,turquoise,1278
UBASH3A,brown,642
WDFY4,brown,642
OLFML1,turquoise,1278
LILRA3,brown,642
LPAR2,brown,642
ZNF626,grey,1238
IFNG,brown,642
TWIST1,turquoise,1278
KLRK1,brown,642
OLFM3,red,166
FAM27A,yellow,513
AURKB,yellow,513
ESPL1,yellow,513
C10orf91,yellow,513
EPHA6,turquoise,1278
FAM124B,turquoise,1278
DNASE1L2,black,147
POU5F1,grey,1238
MYO3B,grey,1238
ZNF462,green,313
SERP2,grey,1238
CHRNA5,turquoise,1278
CCL5,brown,642
DNAJC6,grey,1238
SLC14A1,turquoise,1278
C1orf95,green,313
GALNT7,turquoise,1278
OSBPL6,yellow,513
GADD45G,blue,703
ADAMTS10,turquoise,1278
C13orf29,red,166
CELSR3,grey,1238
SNAI2,grey,1238
NPR2,black,147
SEMA7A,black,147
PLAGL1,turquoise,1278
DUSP2,brown,642
IFI6,grey,1238
ZC3H12B,grey,1238
CBS,blue,703
PLA1A,grey,1238
CYB5R2,turquoise,1278
RASA2,green,313
SLC38A11,black,147
EGR1,turquoise,1278
UHRF1,yellow,513
DZIP1L,turquoise,1278
SERPINA6,blue,703
HEYL,turquoise,1278
CD1D,grey,1238
SERPINB5,grey,1238
GLIS2,turquoise,1278
MYC,grey,1238
FAIM2,turquoise,1278
LOC285768,grey,1238
HIST1H2BC,grey,1238
KCP,yellow,513
MAP2K6,grey,1238
FAM176A,blue,703
RPRML,grey,1238
C3orf55,yellow,513
SERPINB3,grey,1238
PCDHGA6,green,313
KCNMA1,grey,1238
SFRS13B,yellow,513
LCK,brown,642
REG4,grey,1238
MARVELD1,turquoise,1278
SGOL1,yellow,513
DLX1,grey,1238
TLR2,brown,642
MYT1,grey,1238
PRSS35,turquoise,1278
C3orf65,grey,1238
CCDC141,brown,642
GPR176,green,313
ZNF321,yellow,513
GALNTL2,blue,703
MAL,brown,642
CSF3R,brown,642
NCS1,turquoise,1278
VTN,blue,703
CAPN12,grey,1238
MGC57346,yellow,513
NPAS1,yellow,513
ABCC6P1,blue,703
PCYT1B,turquoise,1278
SLC46A2,grey,1238
LOC654342,yellow,513
HSD3B2,blue,703
OR2A4,grey,1238
C6orf27,green,313
STAT4,brown,642
WNT10A,brown,642
MATN2,green,313
EMR1,brown,642
FAM83G,green,313
HOXB7,brown,642
GCNT4,green,313
VSIG4,brown,642
CDCA2,yellow,513
IKZF3,brown,642
NOS2,grey,1238
OLFM2,blue,703
CSPG5,yellow,513
RNF183,grey,1238
TTLL6,yellow,513
ADAMTSL1,turquoise,1278
SERTAD4,green,313
LGALS14,yellow,513
CA8,turquoise,1278
LRRC69,red,166
SCN2A,grey,1238
CYP2W1,yellow,513
HK3,brown,642
TRIM74,grey,1238
PDE6B,brown,642
UNC5CL,grey,1238
ZNF366,green,313
C15orf42,yellow,513
GPR62,grey,1238
CACNG1,grey,1238
SHCBP1,yellow,513
ANKRD2,grey,1238
ZNF611,yellow,513
C10orf72,black,147
SNCA,turquoise,1278
THSD7A,turquoise,1278
HLA-DRB1,brown,642
LMOD1,grey,1238
ZNF502,grey,1238
HPDL,yellow,513
GDPD4,blue,703
AKR7L,blue,703
KLKB1,blue,703
SLC38A8,grey,1238
C3orf45,grey,1238
CCDC135,black,147
ATP1B2,turquoise,1278
TSPY1,red,166
EFNB3,turquoise,1278
NIPAL2,green,313
KRTAP5-5,grey,1238
DTX4,grey,1238
BFSP2,brown,642
CPVL,brown,642
SHOX2,yellow,513
MGC87042,grey,1238
DRD4,grey,1238
HOXA7,grey,1238
BACH2,turquoise,1278
ZCCHC12,black,147
PLXDC2,turquoise,1278
KLHDC7B,brown,642
AQP1,turquoise,1278
PTPRC,brown,642
PPM1N,brown,642
P2RY6,brown,642
ADAMTS15,green,313
SSBP2,turquoise,1278
CLIC5,turquoise,1278
ZNF804A,brown,642
ACOX2,blue,703
CYTIP,brown,642
LOC100190940,grey,1238
SMARCD3,turquoise,1278
MYB,yellow,513
LOC285733,blue,703
SFMBT2,green,313
PLEKHA4,brown,642
RSPO4,grey,1238
MESP2,yellow,513
PTGS1,brown,642
CCDC78,turquoise,1278
EFCAB1,grey,1238
MARK1,turquoise,1278
TDRD1,grey,1238
TCF21,turquoise,1278
SLC2A14,green,313
IL17RD,turquoise,1278
DNAJA4,turquoise,1278
ZFR2,grey,1238
GALNT13,turquoise,1278
BEND6,turquoise,1278
ANGPT1,turquoise,1278
SCRN1,turquoise,1278
NYNRIN,grey,1238
CDC45,yellow,513
HPSE,brown,642
FATE1,grey,1238
APOC1,blue,703
PDZD4,turquoise,1278
PLA2G7,brown,642
ZNF285,yellow,513
ACSL5,blue,703
IQSEC3,green,313
RNF180,turquoise,1278
RCAN2,turquoise,1278
HJURP,yellow,513
FHL5,grey,1238
HAP1,turquoise,1278
C5orf20,brown,642
C2CD4B,turquoise,1278
HSPA6,brown,642
DMC1,yellow,513
RGN,blue,703
ZNF727,grey,1238
GZMB,brown,642
SPC24,yellow,513
SEC14L5,grey,1238
LOC729156,grey,1238
AOAH,brown,642
IQCD,yellow,513
PIP5K1B,brown,642
LOC646851,yellow,513
ZNF418,yellow,513
CCDC28B,yellow,513
PRKG1,green,313
TIMP4,grey,1238
CGN,blue,703
MAPK12,turquoise,1278
OIT3,blue,703
RNFT2,yellow,513
BTBD11,grey,1238
MAP6,turquoise,1278
IL17RE,grey,1238
SOCS3,brown,642
HBA2,grey,1238
CMAH,grey,1238
LDLRAD3,green,313
FCGR1B,brown,642
PON3,blue,703
SYTL1,brown,642
CYP2J2,blue,703
GATA3,brown,642
MAP3K13,green,313
CCT6B,grey,1238
TRPM3,black,147
GPR89B,green,313
BRDT,red,166
ITGAM,brown,642
ELOVL4,brown,642
PLLP,grey,1238
ZNF415,yellow,513
ZNF831,brown,642
TMEM30B,grey,1238
MAPT,grey,1238
AMBN,grey,1238
LOC100271831,grey,1238
PCDHGA11,green,313
HPGDS,brown,642
ALX3,green,313
HAR1A,brown,642
POU3F2,yellow,513
IL18R1,brown,642
DLL1,turquoise,1278
MST1,blue,703
ASGR2,blue,703
LTBP1,turquoise,1278
FAT3,turquoise,1278
IQGAP3,yellow,513
FABP3,brown,642
GP1BA,brown,642
PCDHGA9,green,313
SLC22A18,blue,703
MX2,brown,642
SLC12A8,turquoise,1278
SH3RF2,blue,703
ZNF737,yellow,513
ZIK1,yellow,513
ZNF281,green,313
CETP,grey,1238
FGF7,turquoise,1278
HIST1H3D,grey,1238
PCDHGB3,green,313
FLT3,brown,642
C21orf34,blue,703
CPB1,grey,1238
TBX10,blue,703
RPPH1,grey,1238
ZFP3,turquoise,1278
TNFRSF11A,yellow,513
DLG2,blue,703
GALNT5,turquoise,1278
DIAPH3,yellow,513
LOC391322,grey,1238
FAM72A,yellow,513
PRKCZ,grey,1238
BLM,yellow,513
CNTN4,turquoise,1278
APLN,grey,1238
IL1RN,blue,703
LOC100190986,green,313
ANO4,turquoise,1278
ANKRD56,green,313
LOC100190938,grey,1238
FITM1,blue,703
CD96,brown,642
SLC6A16,grey,1238
FBN1,turquoise,1278
NTF3,turquoise,1278
AP3B2,yellow,513
OCIAD2,blue,703
CEP55,yellow,513
NRAP,grey,1238
HERC5,grey,1238
COL6A3,turquoise,1278
MELK,yellow,513
C20orf177,green,313
RAB38,brown,642
HOXC4,brown,642
ELMOD1,grey,1238
PYCARD,brown,642
ZNF43,yellow,513
GAP43,turquoise,1278
SCG3,yellow,513
MBOAT1,grey,1238
LOC283070,black,147
LOC149837,turquoise,1278
ZNF347,yellow,513
PTPRZ1,turquoise,1278
NKG7,brown,642
FNDC4,blue,703
DYX1C1,yellow,513
FGF17,grey,1238
WBSCR27,grey,1238
LRRC52,black,147
CTF1,turquoise,1278
C15orf52,turquoise,1278
C1QTNF2,turquoise,1278
PLCB1,yellow,513
BRCA2,green,313
CD1A,brown,642
PRR5L,black,147
CXCR7,turquoise,1278
C6orf150,brown,642
IL12RB2,black,147
GLI1,turquoise,1278
ITM2A,brown,642
MPZL3,green,313
TARP,brown,642
SPTBN4,grey,1238
SNRPN,grey,1238
ADAMTS14,turquoise,1278
CDKN2BAS,yellow,513
ASPM,yellow,513
ADAMTS6,turquoise,1278
TANC2,turquoise,1278
TAS1R3,brown,642
OVGP1,grey,1238
FFAR2,brown,642
SLC12A2,turquoise,1278
PHEX,grey,1238
SV2A,turquoise,1278
LOC387646,yellow,513
LY9,brown,642
GBP3,grey,1238
HOXA5,grey,1238
FCGR1C,brown,642
LRFN1,yellow,513
BCL11B,brown,642
SEPT5,turquoise,1278
SPAG4,grey,1238
PIWIL2,green,313
KIF21B,grey,1238
S100A3,brown,642
AGPAT9,grey,1238
PDZRN4,turquoise,1278
LIME1,blue,703
GZMA,brown,642
FOXM1,yellow,513
EMB,brown,642
LSR,grey,1238
HIST1H2BG,grey,1238
ISM2,grey,1238
AMPH,turquoise,1278
LIMS1,green,313
GPR183,brown,642
COL13A1,turquoise,1278
CDH1,grey,1238
FIGN,yellow,513
FAM24B,yellow,513
ITGB4,turquoise,1278
KCNN1,yellow,513
LRRC8E,grey,1238
SLAMF6,brown,642
LOC100127888,yellow,513
ADAM11,grey,1238
KIRREL2,yellow,513
CLDN9,grey,1238
SNAI1,turquoise,1278
FAM13A,grey,1238
EXO1,yellow,513
CHAF1B,yellow,513
ZNF98,yellow,513
CDKN3,yellow,513
MMP16,turquoise,1278
DOK5,turquoise,1278
RNF39,yellow,513
LIMCH1,turquoise,1278
HIST1H1C,grey,1238
TEKT5,grey,1238
C6orf52,grey,1238
NT5DC2,yellow,513
IL18,brown,642
SLC7A5,grey,1238
LILRB4,brown,642
KCNJ5,brown,642
CA2,blue,703
DKFZp686A1627,red,166
TEX19,yellow,513
CCNJ,turquoise,1278
GAL3ST4,brown,642
CRIP1,turquoise,1278
POLQ,yellow,513
SLITRK4,turquoise,1278
CBR3,brown,642
MMRN1,turquoise,1278
MYL3,turquoise,1278
MAP4K1,brown,642
COL15A1,turquoise,1278
XCL2,brown,642
CXCR3,brown,642
KCNE1,grey,1238
PCDHA2,grey,1238
MRO,grey,1238
GPR162,turquoise,1278
SCG5,grey,1238
ESPN,blue,703
ATHL1,grey,1238
KIAA1529,grey,1238
DDX11L2,grey,1238
RHOH,brown,642
TMEM132B,grey,1238
NUDT11,turquoise,1278
SYCE1L,turquoise,1278
KIFC1,yellow,513
SLC29A2,yellow,513
ULK2,turquoise,1278
EML6,grey,1238
GRIP1,turquoise,1278
BTC,green,313
PTAFR,brown,642
TMEM132D,grey,1238
MST1P2,blue,703
PRMT6,grey,1238
EPHX1,blue,703
CT47A1,red,166
CAMK1G,turquoise,1278
KCNJ8,blue,703
GPR126,grey,1238
SIRPB2,brown,642
C9orf4,grey,1238
CRISP2,red,166
PLCB4,turquoise,1278
ABCC1,brown,642
FZD2,turquoise,1278
PPL,green,313
VWA5B2,yellow,513
CENPK,yellow,513
OR2A7,grey,1238
GPR114,brown,642
CHST1,turquoise,1278
C8orf73,grey,1238
ISLR2,turquoise,1278
CD84,brown,642
LRRN4CL,turquoise,1278
SMAD9,turquoise,1278
FAM50B,grey,1238
KDELR3,turquoise,1278
AG2,turquoise,1278
GATM,blue,703
KLF4,turquoise,1278
NRK,turquoise,1278
GGH,blue,703
ZNF835,grey,1238
BTLA,brown,642
MSL3L2,grey,1238
SLAMF1,brown,642
SAGE1,red,166
PLIN4,grey,1238
SPERT,yellow,513
ACSS1,brown,642
CCDC74B,turquoise,1278
CENPF,yellow,513
PRH2,grey,1238
COL9A1,turquoise,1278
CELSR1,grey,1238
NEFH,brown,642
CBWD5,grey,1238
SEMA5A,turquoise,1278
PCDHB6,turquoise,1278
ASAM,turquoise,1278
PLD5,turquoise,1278
NCCRP1,brown,642
RGAG4,turquoise,1278
MTL5,grey,1238
FMN1,turquoise,1278
GPX3,blue,703
ABCA3,turquoise,1278
PTP4A3,turquoise,1278
ASB2,brown,642
SLC2A10,blue,703
ZDHHC13,turquoise,1278
ADH7,grey,1238
NBPF15,green,313
EDARADD,black,147
CCR4,brown,642
MGST1,blue,703
S1PR3,turquoise,1278
SHC3,grey,1238
ACTC1,turquoise,1278
PCDHA5,grey,1238
C19orf51,grey,1238
OSM,brown,642
MEIS3,turquoise,1278
CYP27B1,yellow,513
FOXS1,turquoise,1278
ACCN3,grey,1238
MAP1A,turquoise,1278
PRDM5,turquoise,1278
CCDC110,grey,1238
CD163L1,brown,642
LRRK2,green,313
FGFR1,turquoise,1278
MAML2,green,313
LOC400759,brown,642
LRRC66,grey,1238
PCDHB10,turquoise,1278
GRM5,grey,1238
WDR86,turquoise,1278
FLJ44606,yellow,513
BNC2,turquoise,1278
FES,turquoise,1278
CNTNAP1,brown,642
EFNA2,green,313
KIAA0748,brown,642
P2RY1,green,313
NOV,turquoise,1278
RUNX2,brown,642
LOC644165,grey,1238
ANKRD45,grey,1238
TSPAN2,turquoise,1278
FLJ22536,turquoise,1278
ZNF578,yellow,513
CD40LG,brown,642
TMPRSS2,blue,703
NKX3-1,grey,1238
BTNL9,blue,703
PTGIR,turquoise,1278
VWA5A,brown,642
ADHFE1,blue,703
ARHGAP11B,yellow,513
DPP4,blue,703
SGCB,turquoise,1278
RASGRP1,brown,642
HRH2,turquoise,1278
MYO10,turquoise,1278
C7orf31,yellow,513
ASRGL1,yellow,513
TMEM191A,grey,1238
CA11,brown,642
CYSLTR2,green,313
GFI1,brown,642
CYBB,brown,642
SDSL,grey,1238
GPC6,grey,1238
LGI4,grey,1238
IFI27L2,brown,642
CD163,brown,642
TMEM52,grey,1238
CRTAM,brown,642
CST5,grey,1238
SCN1A,grey,1238
FAAH2,grey,1238
LOC150381,grey,1238
LCOR,green,313
STRC,grey,1238
RTL1,grey,1238
RDH5,blue,703
STK31,yellow,513
CACHD1,turquoise,1278
RAB26,blue,703
CHRNA1,brown,642
USP51,green,313
JAK3,brown,642
CLEC3B,grey,1238
PLAT,turquoise,1278
PARM1,turquoise,1278
PDZD3,grey,1238
KCNH4,grey,1238
HS3ST2,grey,1238
GEFT,turquoise,1278
IL6R,green,313
LOC646471,green,313
SI,grey,1238
CCR3,grey,1238
CLDN6,grey,1238
S100A4,brown,642
AGPAT4,brown,642
FSIP1,grey,1238
AJAP1,turquoise,1278
KCNA5,turquoise,1278
THSD7B,turquoise,1278
CCR5,brown,642
GDPD3,yellow,513
CYB561,turquoise,1278
AACSL,yellow,513
THEMIS,brown,642
MNDA,brown,642
BOP1,grey,1238
SH2D5,yellow,513
CELF4,yellow,513
ACSL1,blue,703
WDR31,green,313
ST8SIA1,brown,642
KIAA1524,yellow,513
DCHS2,turquoise,1278
GUCY1A3,turquoise,1278
GPR1,turquoise,1278
C20orf186,grey,1238
B3GNT4,yellow,513
PSORS1C1,turquoise,1278
HLA-DOA,brown,642
SHPRH,green,313
PI16,turquoise,1278
FAM115C,brown,642
EFHA2,green,313
MIAT,brown,642
PBK,yellow,513
KLHL13,grey,1238
EFCAB4B,brown,642
LMTK2,green,313
NINJ2,grey,1238
WBP5,yellow,513
PLUNC,grey,1238
LOC619207,green,313
HIST1H3E,grey,1238
RTN4RL2,green,313
ZAP70,brown,642
ARHGEF19,turquoise,1278
NCALD,turquoise,1278
C1orf51,grey,1238
LDHD,blue,703
NPHS1,grey,1238
SGEF,blue,703
SYBU,blue,703
CDH23,blue,703
TIFAB,brown,642
ACVR1C,blue,703
RND1,blue,703
KIAA1024,turquoise,1278
TMC6,brown,642
CYP21A2,grey,1238
JAM2,turquoise,1278
CT45A5,red,166
NCRNA00085,turquoise,1278
ZNF630,turquoise,1278
AKR1E2,grey,1238
GMCL1L,green,313
LRRC55,turquoise,1278
CST7,brown,642
B3GNT8,turquoise,1278
FAM189A1,turquoise,1278
KCNK10,grey,1238
CLIP2,turquoise,1278
JMJD5,blue,703
C1orf228,grey,1238
RTN1,brown,642
DOCK2,brown,642
DPY19L2,grey,1238
PARP15,brown,642
CEACAM22P,grey,1238
ZNF528,grey,1238
ZNF296,yellow,513
CLEC4F,turquoise,1278
IQCA1,turquoise,1278
PELI2,turquoise,1278
PKDCC,turquoise,1278
SATB1,green,313
ZNF14,yellow,513
GALP,blue,703
SOCS2,grey,1238
TAGAP,brown,642
PSAT1,blue,703
GZMM,brown,642
TRPV3,green,313
SLC16A2,blue,703
NKAPL,grey,1238
ZNF665,yellow,513
EYS,grey,1238
TCEAL8,yellow,513
IL32,grey,1238
DYNC2H1,turquoise,1278
STEAP3,blue,703
ZNF469,turquoise,1278
RTN2,grey,1238
TRIM7,grey,1238
TBL1Y,grey,1238
PRKCQ,brown,642
MYO1G,brown,642
E2F1,yellow,513
LOC100131551,grey,1238
POLN,black,147
PIF1,yellow,513
BPI,grey,1238
PCDHGA5,green,313
FAM72D,yellow,513
GJA3,brown,642
ABHD12B,grey,1238
KLHDC9,grey,1238
IRX6,grey,1238
FZD3,grey,1238
GZMH,brown,642
LOC728875,grey,1238
FAM90A1,brown,642
AGTR1,blue,703
NPY5R,turquoise,1278
ZNF287,yellow,513
RUNX1T1,green,313
FMNL2,turquoise,1278
DKKL1,grey,1238
IFIT1,blue,703
NEXN,turquoise,1278
EGR3,turquoise,1278
TRIP13,yellow,513
SKA3,yellow,513
WNT6,grey,1238
C1orf133,grey,1238
LRFN2,grey,1238
EIF4E3,turquoise,1278
FAM155A,turquoise,1278
PKM2,brown,642
ZDHHC1,turquoise,1278
PSMC3IP,yellow,513
LOC84931,grey,1238
LOC154761,brown,642
YJEFN3,yellow,513
SLC24A5,yellow,513
CDT1,yellow,513
TRIM22,brown,642
MPV17L,blue,703
DLX3,grey,1238
SPC25,yellow,513
GARNL3,grey,1238
TNFSF13B,brown,642
NCRNA00200,red,166
CALCR,yellow,513
C1orf111,blue,703
OSBPL10,turquoise,1278
LOC399959,grey,1238
GSTP1,turquoise,1278
ARHGEF38,turquoise,1278
PTPN7,brown,642
MADCAM1,grey,1238
KIAA1377,brown,642
FAM150A,turquoise,1278
TRPS1,brown,642
LOC100126784,turquoise,1278
DOCK8,brown,642
ADARB2,turquoise,1278
SCAMP5,yellow,513
C8orf31,turquoise,1278
NFASC,turquoise,1278
DNAJB13,yellow,513
MYO9A,green,313
GNLY,brown,642
MKI67,yellow,513
TNXB,turquoise,1278
CPE,grey,1238
CCDC68,grey,1238
TLR7,brown,642
CBX2,yellow,513
PDGFRL,yellow,513
ZMYND15,brown,642
PBLD,blue,703
GAPT,brown,642
CTSK,turquoise,1278
SIGLEC10,brown,642
MYO7A,grey,1238
HOXA11AS,grey,1238
ZFP82,yellow,513
NTSR1,turquoise,1278
DBNDD1,blue,703
CD70,brown,642
SLC6A4,black,147
HS3ST3A1,green,313
CYP27A1,blue,703
PALM,turquoise,1278
ALDH1L2,turquoise,1278
SP6,grey,1238
ULBP3,turquoise,1278
C9orf173,blue,703
FOXE1,turquoise,1278
C14orf50,grey,1238
ELF3,grey,1238
GAL3ST2,grey,1238
CCL17,brown,642
FAM54A,yellow,513
DBN1,turquoise,1278
FZD8,turquoise,1278
ZNF426,green,313
USP2,blue,703
ROBO3,brown,642
APOBEC3C,brown,642
HSPB9,blue,703
COX7A1,turquoise,1278
XRCC2,yellow,513
ZFP30,green,313
KLHL35,turquoise,1278
KIAA1609,turquoise,1278
CD1B,brown,642
PCDHB15,turquoise,1278
HOXC5,grey,1238
GPR123,turquoise,1278
GPRIN1,yellow,513
AIF1L,turquoise,1278
PDLIM3,turquoise,1278
NBL1,turquoise,1278
NCF2,brown,642
AKR1B1,brown,642
TNFSF8,brown,642
POLR2J2,grey,1238
RASGEF1B,green,313
JPH2,turquoise,1278
SLC9A2,turquoise,1278
C19orf18,grey,1238
SLC30A10,blue,703
PXDNL,grey,1238
DCST2,grey,1238
ARMCX6,turquoise,1278
KIT,turquoise,1278
LOC100216001,turquoise,1278
PLEKHG7,grey,1238
PLA2G5,turquoise,1278
PNOC,brown,642
CCNI2,yellow,513
FCRL2,brown,642
C8orf42,grey,1238
METRNL,turquoise,1278
ZNF518B,turquoise,1278
PLP2,yellow,513
MYOF,green,313
PTPN22,brown,642
CD52,brown,642
C2CD4C,turquoise,1278
GRIN2D,turquoise,1278
CXorf61,yellow,513
SOX2OT,grey,1238
FOXF1,turquoise,1278
DOCK10,brown,642
ZNF853,turquoise,1278
SCN8A,green,313
TCF7,black,147
DLX2,yellow,513
LOC84856,turquoise,1278
C16orf74,turquoise,1278
TMTC2,green,313
CCDC19,yellow,513
MARCH8,green,313
KHK,blue,703
NCAPG,yellow,513
TMEM55A,brown,642
TEAD4,turquoise,1278
MACROD2,grey,1238
NLGN1,turquoise,1278
SPNS2,turquoise,1278
NFIC,green,313
FRZB,turquoise,1278
RUFY4,brown,642
CACNA1C,turquoise,1278
GRAMD1C,blue,703
ZFP37,grey,1238
LRP12,brown,642
PRKAR2A,green,313
ECM2,blue,703
ASTN1,grey,1238
KIF26A,turquoise,1278
CACNA2D1,green,313
MFHAS1,green,313
BICD1,green,313
VWA3B,grey,1238
KBTBD12,grey,1238
CHRNA3,grey,1238
DCC,grey,1238
GALNTL6,grey,1238
NCAPH,yellow,513
G6PD,yellow,513
VAV3,brown,642
GPRC5B,turquoise,1278
SPG20,turquoise,1278
CYBRD1,turquoise,1278
HDX,green,313
PRKCB,brown,642
CLEC11A,turquoise,1278
PTPRCAP,brown,642
ZNF704,green,313
TET1,yellow,513
CDKL1,green,313
LOC388588,grey,1238
FAM46B,turquoise,1278
PRICKLE4,green,313
STAR,grey,1238
CD226,brown,642
ALDH1A1,blue,703
CCL8,brown,642
CAV2,grey,1238
NTNG2,brown,642
RMRP,grey,1238
GPER,blue,703
C11orf45,brown,642
CENPE,yellow,513
LHFPL3,yellow,513
APOBEC3D,brown,642
INE2,grey,1238
CLCN1,grey,1238
FUT7,brown,642
TMEM47,green,313
LOC92659,yellow,513
DPY19L2P2,yellow,513
PLXNA3,turquoise,1278
SPINK4,yellow,513
TSC22D3,grey,1238
PDP1,turquoise,1278
HEPH,turquoise,1278
GPNMB,brown,642
RTDR1,yellow,513
TLL2,grey,1238
IL1RAPL2,grey,1238
DOCK11,brown,642
CSMD3,red,166
LAPTM4B,yellow,513
ABCA12,turquoise,1278
OR7D2,grey,1238
C20orf56,blue,703
C11orf20,grey,1238
NTRK3,turquoise,1278
LOC283856,blue,703
C9orf172,green,313
HELLS,yellow,513
EGOT,grey,1238
LCNL1,turquoise,1278
FABP5,brown,642
MSX2,turquoise,1278
RAMP3,grey,1238
ASXL2,green,313
IL4I1,brown,642
CFD,brown,642
GCOM1,turquoise,1278
PCDHB4,turquoise,1278
NCRNA00087,grey,1238
GSDMA,brown,642
IFI44,brown,642
LOC642597,blue,703
RCAN3,yellow,513
LIPE,grey,1238
PDE4B,brown,642
STC2,turquoise,1278
TXLNG,green,313
P2RX5,brown,642
CELF6,black,147
ID1,turquoise,1278
ABCA17P,grey,1238
LOC441294,grey,1238
KCNA3,brown,642
F10,blue,703
KLRD1,brown,642
SH3BP1,brown,642
TACR2,turquoise,1278
AK7,green,313
CCNA2,yellow,513
SRCRB4D,grey,1238
FCER2,brown,642
CARNS1,turquoise,1278
TNFRSF13B,brown,642
EPHX3,turquoise,1278
NDC80,yellow,513
TSPAN1,grey,1238
ESCO2,yellow,513
CPA1,grey,1238
VAV1,brown,642
ADPRHL1,grey,1238
PIK3CG,brown,642
LOC400696,brown,642
PCK2,blue,703
KIAA1045,turquoise,1278
HTRA4,brown,642
ZNF85,yellow,513
TMEM86B,grey,1238
SLC6A7,black,147
MOBKL2B,turquoise,1278
TMEM108,turquoise,1278
TM7SF2,blue,703
NCRNA00120,green,313
C1orf173,blue,703
SNORD116-20,green,313
BMX,turquoise,1278
OIP5,yellow,513
CDCA3,yellow,513
TMEM51,turquoise,1278
SLC6A17,turquoise,1278
CALB1,grey,1238
HOPX,brown,642
DEPDC7,blue,703
CD72,brown,642
COL17A1,turquoise,1278
HES4,turquoise,1278
KRBA1,yellow,513
COL6A2,turquoise,1278
SRCIN1,grey,1238
HOXC13,grey,1238
LOC284551,grey,1238
FBN2,turquoise,1278
BMP8A,turquoise,1278
RUNDC2C,green,313
ZFPM2,turquoise,1278
ZDHHC15,turquoise,1278
CNGB1,turquoise,1278
GNA14,turquoise,1278
CALB2,turquoise,1278
BARX2,turquoise,1278
CASC5,green,313
VPREB3,grey,1238
RAB42,brown,642
NEGR1,turquoise,1278
CRIM1,green,313
DNAH2,turquoise,1278
CDC6,yellow,513
HRNR,green,313
SH3YL1,turquoise,1278
TLR3,green,313
C1orf65,yellow,513
LRRTM1,black,147
ANKRD37,black,147
SOX5,green,313
MEGF10,grey,1238
HMMR,yellow,513
FBXO32,grey,1238
WNT10B,brown,642
TNFRSF21,turquoise,1278
CNIH3,turquoise,1278
NCF1B,brown,642
TRIM36,grey,1238
C17orf69,yellow,513
C1orf204,turquoise,1278
SPTBN5,grey,1238
C17orf67,grey,1238
LTC4S,turquoise,1278
BCL2L15,grey,1238
PTPRR,turquoise,1278
SARDH,blue,703
HOXD3,grey,1238
ORC1L,yellow,513
FYB,brown,642
GPR157,green,313
CDK1,yellow,513
CCDC163P,green,313
MAP7D3,brown,642
CCDC158,blue,703
UBASH3B,brown,642
GLUD2,green,313
CD55,grey,1238
B3GALT5,turquoise,1278
GLT8D2,turquoise,1278
SDPR,grey,1238
FOXD2,grey,1238
TMEM231,turquoise,1278
SMOX,brown,642
CACNA2D2,turquoise,1278
PLEK,brown,642
LOC728989,green,313
ZNF701,yellow,513
C4orf31,turquoise,1278
FAM46C,brown,642
TIAM1,grey,1238
RALGPS1,green,313
PDCD1LG2,brown,642
NHSL2,green,313
SRC,yellow,513
CLEC10A,brown,642
SHISA4,black,147
EFHC2,yellow,513
SLCO5A1,brown,642
LUZP4,red,166
KRT1,grey,1238
PGA3,brown,642
TDRD6,grey,1238
IL12RB1,brown,642
DTL,yellow,513
GALR3,black,147
DNAI1,grey,1238
RARRES2,blue,703
ECM1,turquoise,1278
DHX33,green,313
KIAA2022,turquoise,1278
OXER1,blue,703
FASLG,brown,642
RAB17,blue,703
ULK4,grey,1238
PTCHD2,grey,1238
SIPA1L2,grey,1238
C1orf21,grey,1238
STRN,green,313
FPR2,brown,642
PARVB,black,147
TRPA1,turquoise,1278
KIF14,yellow,513
CCL4,brown,642
AHRR,grey,1238
GOLT1A,blue,703
S100A11,brown,642
MGAT3,turquoise,1278
F5,blue,703
VCX3B,red,166
HSPB2,turquoise,1278
BSN,blue,703
SEMA4A,brown,642
CLDN5,turquoise,1278
SLC16A6,green,313
LRRC16B,grey,1238
C14orf64,brown,642
PTGER2,brown,642
GJB2,blue,703
CXCR1,brown,642
KCNMB4,turquoise,1278
SLAMF8,brown,642
CHST6,turquoise,1278
LOC595101,green,313
PRKX,turquoise,1278
LOC100270710,turquoise,1278
RBMY1J,red,166
P4HA3,turquoise,1278
FAM164A,brown,642
ARHGAP9,brown,642
CCL3,brown,642
DNAH7,turquoise,1278
GPR160,turquoise,1278
LRFN4,turquoise,1278
FOXD1,brown,642
PRTFDC1,yellow,513
EN1,turquoise,1278
CD80,brown,642
LAX1,brown,642
KIF7,yellow,513
TTC39B,green,313
P2RX1,brown,642
PAMR1,turquoise,1278
LYPD2,grey,1238
GPR115,turquoise,1278
GRIP2,turquoise,1278
ABO,green,313
DAPP1,brown,642
TRPC4,turquoise,1278
SOCS1,brown,642
WTIP,turquoise,1278
FAM163A,turquoise,1278
TMEM72,turquoise,1278
E2F2,yellow,513
PCDHB12,turquoise,1278
C20orf46,grey,1238
PAFAH1B3,yellow,513
DLGAP2,grey,1238
CLEC7A,brown,642
ZFP28,grey,1238
FAM49A,brown,642
ZNF577,grey,1238
BAI3,turquoise,1278
EPHB1,turquoise,1278
CELA3A,grey,1238
CD48,brown,642
RNF212,turquoise,1278
NOX1,grey,1238
ZNF788,yellow,513
RASGRP2,brown,642
C1orf229,grey,1238
ASB9,grey,1238
CNTN2,grey,1238
C8orf4,turquoise,1278
DAPL1,grey,1238
IGFBP6,turquoise,1278
PTPRQ,grey,1238
PAQR8,brown,642
INPP4B,brown,642
ATP2A3,brown,642
TUSC1,grey,1238
RPS6KL1,grey,1238
ADD2,brown,642
RAI2,turquoise,1278
SYCP2,brown,642
SAMSN1,brown,642
C9orf41,green,313
C10orf114,blue,703
IL11,turquoise,1278
SLC28A3,turquoise,1278
TRPC1,yellow,513
HLA-DRA,brown,642
TAC3,yellow,513
TOX2,grey,1238
CRLF2,grey,1238
SCN3B,turquoise,1278
C22orf41,grey,1238
KIAA1257,grey,1238
PTPRO,brown,642
MYCL1,blue,703
GRHL3,grey,1238
GPR68,brown,642
PDGFA,turquoise,1278
HSPA12A,turquoise,1278
LOC100129066,grey,1238
EPB41L4B,blue,703
CMA1,grey,1238
LOC286467,red,166
ZNF467,turquoise,1278
CDC25A,yellow,513
FOLR2,brown,642
FMO4,blue,703
KCNQ1,turquoise,1278
SHH,blue,703
C20orf134,grey,1238
CD14,blue,703
NR4A1,turquoise,1278
DUOXA1,turquoise,1278
RAD54L2,green,313
LRRC36,grey,1238
IER5L,brown,642
AQPEP,red,166
LOC606724,brown,642
C17orf51,grey,1238
TRIM63,grey,1238
MAP3K8,black,147
RERG,turquoise,1278
BZRAP1,grey,1238
ROCK2,green,313
SLC25A34,blue,703
FBXO43,yellow,513
SEMA6D,turquoise,1278
MASP1,blue,703
ST18,brown,642
FAM109B,turquoise,1278
LMX1A,yellow,513
FCGR3A,brown,642
PRSS45,grey,1238
BST1,turquoise,1278
KCTD15,turquoise,1278
PDE10A,turquoise,1278
GPR120,yellow,513
ALX1,red,166
PPAPDC3,turquoise,1278
WDR62,yellow,513
KLF15,blue,703
PCDH18,turquoise,1278
TMEM178,turquoise,1278
SLC1A3,brown,642
HHATL,grey,1238
FAM154B,grey,1238
GDPD1,green,313
ZNF233,yellow,513
C9orf109,brown,642
SOX8,turquoise,1278
SCN4A,blue,703
PDE4A,turquoise,1278
ZNF607,yellow,513
DSG3,grey,1238
AKAP3,grey,1238
ENPEP,blue,703
C19orf36,blue,703
PODNL1,turquoise,1278
C1orf105,blue,703
CCDC3,turquoise,1278
ZNF549,yellow,513
C1QB,brown,642
ARHGEF5,grey,1238
LPCAT2,black,147
CT47A9,red,166
ZSCAN12P1,grey,1238
ST6GALNAC1,turquoise,1278
DGKB,grey,1238
CFB,blue,703
GFRA2,brown,642
RTN4R,grey,1238
RPS2P32,grey,1238
TFPI,blue,703
GPR174,brown,642
STON1,turquoise,1278
YY2,green,313
AQP7,blue,703
CUZD1,yellow,513
SQLE,grey,1238
ZNF496,yellow,513
PLCE1,turquoise,1278
MGC12982,yellow,513
DNAJC5B,brown,642
C6orf208,blue,703
GPR37L1,grey,1238
LILRA5,brown,642
LBX2,blue,703
OCLN,green,313
ELK3,green,313
COL25A1,grey,1238
SNX20,brown,642
ZNF137,yellow,513
ZNF382,yellow,513
LOC100233209,brown,642
DNAJB3,black,147
SLC5A2,grey,1238
APOL4,brown,642
RASL11A,grey,1238
FGFR4,grey,1238
IL2RB,brown,642
TPSD1,grey,1238
KCNH7,red,166
NUDT12,blue,703
RBM46,grey,1238
ODF3L1,grey,1238
LOC221442,grey,1238
DPYSL3,turquoise,1278
RNF125,blue,703
GAGE8,red,166
EPB41L3,brown,642
CLEC9A,brown,642
KAZ,turquoise,1278
IAPP,grey,1238
COX4I2,grey,1238
EDN1,turquoise,1278
CLDND2,grey,1238
LOC399815,yellow,513
SULT1A1,blue,703
GRM7,grey,1238
TPPP3,turquoise,1278
PLAUR,brown,642
PALM2,blue,703
NACAD,turquoise,1278
LOC388387,grey,1238
NBPF14,green,313
MAPK8,green,313
SVOP,red,166
FOSL1,turquoise,1278
PARP6,grey,1238
SLC9A11,grey,1238
KHDC1,brown,642
LOC151009,grey,1238
GJA5,turquoise,1278
TSPYL5,turquoise,1278
HSPA4L,green,313
MDFIC,brown,642
TNFRSF10C,turquoise,1278
CXCR2,brown,642
TIMP2,turquoise,1278
RBP7,blue,703
ARHGAP10,turquoise,1278
PKP2,green,313
OTOF,brown,642
C11orf86,grey,1238
CCNE2,yellow,513
DUSP5,brown,642
EPHA7,grey,1238
AGR3,grey,1238
PPP1R3C,grey,1238
RGS6,turquoise,1278
PHYHIP,turquoise,1278
GAS7,brown,642
KIAA1614,yellow,513
GRIA2,red,166
LQK1,grey,1238
TGIF2LX,red,166
LRRN3,turquoise,1278
SLMO1,turquoise,1278
IGSF21,brown,642
HRASLS5,turquoise,1278
DEFA1B,grey,1238
ZFHX4,green,313
NCK2,turquoise,1278
SMR3A,black,147
GRM2,grey,1238
BANF2,grey,1238
HMSD,yellow,513
PAK7,turquoise,1278
PATL2,brown,642
HLA-DMA,brown,642
IGSF11,turquoise,1278
SNPH,turquoise,1278
PRDM7,grey,1238
JPH3,turquoise,1278
RAC2,brown,642
LOC149134,grey,1238
FAM179A,brown,642
CXorf57,yellow,513
ZNF582,grey,1238
PLAC4,turquoise,1278
CORO2A,grey,1238
E2F5,yellow,513
C17orf55,grey,1238
SPTLC3,grey,1238
LAIR2,brown,642
CDYL2,green,313
NRN1,grey,1238
DAAM2,green,313
SHMT1,blue,703
SHF,blue,703
ZNF470,grey,1238
KCNH1,grey,1238
WDR65,blue,703
RAB3IL1,brown,642
BRSK1,turquoise,1278
MAGEE1,green,313
SRGAP1,green,313
CITED4,grey,1238
A1CF,blue,703
ZMAT1,green,313
FZD6,grey,1238
SMYD1,grey,1238
KC6,red,166
SIGLEC11,brown,642
SERPINA9,grey,1238
CFH,blue,703
GNGT1,red,166
CLEC12A,brown,642
GJB1,blue,703
ZNF879,yellow,513
TTYH2,turquoise,1278
SORD,blue,703
ATP13A4,turquoise,1278
BLMH,yellow,513
AQP5,grey,1238
SNX10,grey,1238
C12orf27,grey,1238
POM121L9P,turquoise,1278
BMF,yellow,513
GCNT1,brown,642
HIST1H4J,grey,1238
SP140,brown,642
MGAT5B,turquoise,1278
RPL36A,grey,1238
SYNPO2,turquoise,1278
SLC25A15,blue,703
ZDHHC2,green,313
ENKUR,grey,1238
C2orf77,grey,1238
SLC5A5,brown,642
PSORS1C3,grey,1238
SERPINB8,brown,642
TMSB10,brown,642
FILIP1,turquoise,1278
P2RX3,green,313
GPR132,brown,642
TNS4,brown,642
SERPINI1,yellow,513
EXOC6B,green,313
ACER2,green,313
TMEM155,brown,642
MYOM3,turquoise,1278
C1orf190,grey,1238
ASF1B,yellow,513
PCDHA8,grey,1238
TMEM159,turquoise,1278
NBPF3,green,313
TP53TG3B,red,166
PDGFD,turquoise,1278
SLC26A10,turquoise,1278
ITGB1BP2,grey,1238
C13orf18,brown,642
LOC728264,turquoise,1278
CCL24,brown,642
GLS,turquoise,1278
ZNF521,turquoise,1278
THSD1,black,147
HTR2C,red,166
FAR2,turquoise,1278
LOC648740,green,313
WDR54,brown,642
FLJ45445,grey,1238
TMTC1,green,313
DLX6AS,yellow,513
MUC4,grey,1238
NPAS3,turquoise,1278
RPP25,brown,642
ZNF167,grey,1238
MFSD6L,turquoise,1278
GPR153,grey,1238
SELENBP1,blue,703
TMEM59L,turquoise,1278
GINS1,yellow,513
ERCC6L,yellow,513
ATP8B3,grey,1238
NFATC4,turquoise,1278
TMEM184A,grey,1238
FAM65B,brown,642
ISG15,grey,1238
TRPM2,brown,642
DNAH3,yellow,513
ADSSL1,blue,703
CDK8,green,313
PSD,grey,1238
FAM177B,brown,642
NCKAP1L,brown,642
C2orf88,grey,1238
KLHL32,blue,703
DHH,turquoise,1278
RRM2,yellow,513
NCRNA00092,turquoise,1278
OAS2,brown,642
PARK2,black,147
C16orf45,blue,703
MX1,brown,642
FAM83E,turquoise,1278
HTRA1,turquoise,1278
ELOVL6,blue,703
GRM4,yellow,513
MOGAT1,blue,703
CDH18,yellow,513
TECRL,red,166
MARCH3,turquoise,1278
LIMD2,brown,642
GJC2,turquoise,1278
HDAC9,brown,642
WFIKKN1,grey,1238
LYPD5,turquoise,1278
HLA-DPA1,brown,642
PRAM1,brown,642
HSPA1B,grey,1238
CEACAM21,brown,642
LYPD3,grey,1238
TRIM67,yellow,513
ABCD2,brown,642
AMICA1,brown,642
MYO15A,grey,1238
C1QA,brown,642
SAMD13,grey,1238
HNF4A,blue,703
BDNF,turquoise,1278
TGFB1,turquoise,1278
LTA,brown,642
CSDA,brown,642
PKMYT1,yellow,513
TMC7,turquoise,1278
DACH1,turquoise,1278
LOC284441,green,313
PRR7,grey,1238
KIAA1683,blue,703
AIM1,grey,1238
FSD1,brown,642
LOC283174,turquoise,1278
CBFA2T3,turquoise,1278
ZNF677,turquoise,1278
IMPDH1,brown,642
SLC9A7,green,313
LY6D,grey,1238
TIGD3,grey,1238
C21orf129,yellow,513
MLXIPL,blue,703
UNC13D,brown,642
CD209,brown,642
KL,green,313
CT45A3,red,166
KLK13,turquoise,1278
CTGF,turquoise,1278
LEPREL1,turquoise,1278
ATP4A,grey,1238
EBF2,green,313
MIR17HG,grey,1238
RPLP0P2,turquoise,1278
KIRREL3,turquoise,1278
ART3,grey,1238
GLI3,turquoise,1278
NOS1AP,green,313
DNAH8,grey,1238
MALL,grey,1238
LOC158572,grey,1238
SELL,brown,642
POM121L10P,grey,1238
GCET2,brown,642
GRB7,yellow,513
THPO,blue,703
NCR3,brown,642
CLECL1,brown,642
XYLT1,turquoise,1278
LOC728819,turquoise,1278
EBF3,grey,1238
RSAD2,grey,1238
ZNF423,turquoise,1278
PLIN5,blue,703
NKAIN1,yellow,513
CNGB3,yellow,513
