cancer_type,score,rho,p,n,sig
GBM,ImmuneScore,0.236355727171297,0.00297270589045053,156,**
OV,ImmuneScore,0.111000551383501,0.0535873437271979,303,""
LUAD,ImmuneScore,0.0321195675660343,0.467026588963538,515,""
LUSC,ImmuneScore,0.0996804852294197,0.0253774194614406,503,*
PRAD,ImmuneScore,-0.0258658531209189,0.565098843423049,497,""
UCEC,ImmuneScore,-0.0023540107945635,0.956801382117981,532,""
BLCA,ImmuneScore,-0.0113786545314817,0.818760244877738,408,""
TGCT,ImmuneScore,-0.173803436623203,0.030015335996632,156,*
ESCA,ImmuneScore,0.0865469876367359,0.242736866431715,184,""
PAAD,ImmuneScore,0.00177196874072245,0.981271800994436,178,""
KIRP,ImmuneScore,0.0604493972841285,0.30409507023183,291,""
LIHC,ImmuneScore,-0.0488623015078297,0.347967395187134,371,""
CESC,ImmuneScore,-0.046154442227195,0.421875872317838,305,""
SARC,ImmuneScore,-0.0412581333030594,0.508575981907821,259,""
BRCA,ImmuneScore,-0.0187408267009461,0.535217274302889,1097,""
THYM,ImmuneScore,0.0392608364301054,0.670294758108907,120,""
MESO,ImmuneScore,-0.0575462301630889,0.59650644055422,87,""
COAD,ImmuneScore,-0.0268319809680088,0.569370668735447,452,""
STAD,ImmuneScore,-0.0519670873595061,0.29089023628658,415,""
CHOL,ImmuneScore,-0.144543656626958,0.400300492936062,36,""
KIRC,ImmuneScore,0.0406489108154564,0.34849152477818,534,""
THCA,ImmuneScore,0.110705198119326,0.0128001882862755,505,*
HNSC,ImmuneScore,0.0390221137152299,0.374520335284783,520,""
LAML,ImmuneScore,0.00205868060675696,0.978554295441722,173,""
READ,ImmuneScore,0.0534432710920158,0.502099923478383,160,""
SKCM,ImmuneScore,-0.0845612417908342,0.39574127110529,103,""
LGG,ImmuneScore,-0.00825586124246817,0.851593601912363,516,""
DLBC,ImmuneScore,0.16994402132917,0.248174668047186,48,""
KICH,ImmuneScore,-0.0923471714984962,0.460833198535617,66,""
UCS,ImmuneScore,0.136300000989674,0.312029755063743,57,""
ACC,ImmuneScore,-0.06264257307631,0.583387183971728,79,""
PCPG,ImmuneScore,-0.0373306346000412,0.616848117852085,182,""
UVM,ImmuneScore,-0.213669390545588,0.0570301423259417,80,""
GBM,StromalScore,0.176906577686412,0.0271574669843833,156,*
OV,StromalScore,0.062704049012214,0.2765763747694,303,""
LUAD,StromalScore,0.0351186478591245,0.426451965038338,515,""
LUSC,StromalScore,0.0938689046222543,0.035319932984649,503,*
PRAD,StromalScore,-0.0100409859124726,0.823309292742105,497,""
UCEC,StromalScore,0.0177131218878264,0.683548005493504,532,""
BLCA,StromalScore,0.0179587802898616,0.717601776007544,408,""
TGCT,StromalScore,0.0925841828569419,0.250330573767599,156,""
ESCA,StromalScore,0.0776915864354141,0.294517256174534,184,""
PAAD,StromalScore,0.083716116908936,0.266570575141508,178,""
KIRP,StromalScore,0.0355990410453027,0.54527722781624,291,""
LIHC,StromalScore,0.0121091301882133,0.816180923869358,371,""
CESC,StromalScore,-0.0194564180707493,0.735040261631062,305,""
SARC,StromalScore,0.0386727533623297,0.535520869494601,259,""
BRCA,StromalScore,-0.0384582110144054,0.203091608952669,1097,""
THYM,StromalScore,0.122310333670602,0.183247892950751,120,""
MESO,StromalScore,0.047547060097079,0.661877530252497,87,""
COAD,StromalScore,-0.016153871865188,0.73196907755705,452,""
STAD,StromalScore,-0.0360549235640397,0.463852809865257,415,""
CHOL,StromalScore,0.120518568785979,0.483833604333118,36,""
KIRC,StromalScore,-0.0182681170452839,0.673613719587457,534,""
THCA,StromalScore,0.0803864675268616,0.0710893207696239,505,""
HNSC,StromalScore,0.0903624275938743,0.0394141119047781,520,*
LAML,StromalScore,-0.00848641845695246,0.911763689610774,173,""
READ,StromalScore,0.0670134055048012,0.399809955355745,160,""
SKCM,StromalScore,-0.0192690766630278,0.846809357323551,103,""
LGG,StromalScore,-0.0157165689448043,0.721714756611689,516,""
DLBC,StromalScore,0.358622823952968,0.0123148169310219,48,*
KICH,StromalScore,0.00557500572439784,0.964564423079454,66,""
UCS,StromalScore,-0.295902891099355,0.0254284804526579,57,*
ACC,StromalScore,0.0266955661982854,0.815345996144792,79,""
PCPG,StromalScore,-0.109323706869544,0.141804924357074,182,""
UVM,StromalScore,-0.162949570578174,0.148682994367563,80,""
GBM,ESTIMATEScore,0.2205781425502,0.00565697284110239,156,**
OV,ESTIMATEScore,0.0941638073727986,0.101847631882535,303,""
LUAD,ESTIMATEScore,0.0361227479587147,0.413339669226458,515,""
LUSC,ESTIMATEScore,0.103794405124089,0.0198926720287344,503,*
PRAD,ESTIMATEScore,-0.0199723500154392,0.656914852655265,497,""
UCEC,ESTIMATEScore,0.00861690200580663,0.842821217307694,532,""
BLCA,ESTIMATEScore,0.00360862080820429,0.942070972603883,408,""
TGCT,ESTIMATEScore,-0.0898009661723087,0.264915908173727,156,""
ESCA,ESTIMATEScore,0.0942550282082306,0.203138846791304,184,""
PAAD,ESTIMATEScore,0.0478129404374938,0.526229239296932,178,""
KIRP,ESTIMATEScore,0.0536875256775688,0.361475537180923,291,""
LIHC,ESTIMATEScore,-0.0229186914351059,0.659927463435805,371,""
CESC,ESTIMATEScore,-0.0389629146927367,0.497821474593947,305,""
SARC,ESTIMATEScore,-0.00795162927154038,0.898661499228854,259,""
BRCA,ESTIMATEScore,-0.0317263666597046,0.293775597409684,1097,""
THYM,ESTIMATEScore,0.0961971266510925,0.295938397093567,120,""
MESO,ESTIMATEScore,-0.00865297787196581,0.936600159874935,87,""
COAD,ESTIMATEScore,-0.0216723045649929,0.645848126258314,452,""
STAD,ESTIMATEScore,-0.0486091557726952,0.323230507627586,415,""
CHOL,ESTIMATEScore,-0.0473422660571385,0.783944344587509,36,""
KIRC,ESTIMATEScore,0.015796804110518,0.715703581088978,534,""
THCA,ESTIMATEScore,0.107318183454509,0.0158360915914697,505,*
HNSC,ESTIMATEScore,0.0723283349852647,0.0994493584231262,520,""
LAML,ESTIMATEScore,-0.00456147247623104,0.952504356193523,173,""
READ,ESTIMATEScore,0.0639848953698259,0.421495022162733,160,""
SKCM,ESTIMATEScore,-0.064973312965348,0.514369531018688,103,""
LGG,ESTIMATEScore,-0.0116770214904551,0.791304770369804,516,""
DLBC,ESTIMATEScore,0.240842144573731,0.0991491508761563,48,""
KICH,ESTIMATEScore,-0.0496400207807288,0.692240524751627,66,""
UCS,ESTIMATEScore,-0.0885604056089508,0.51240820344181,57,""
ACC,ESTIMATEScore,-0.0244148277761031,0.830877188508594,79,""
PCPG,ESTIMATEScore,-0.0805698026485187,0.279601095678808,182,""
UVM,ESTIMATEScore,-0.210728607537688,0.0606171019363229,80,""
GBM,TumorPurity,-0.226674262987756,0.00443381380772545,156,**
OV,TumorPurity,-0.0977485623287234,0.0894066430179044,303,""
LUAD,TumorPurity,-0.0346110981921628,0.433170916503241,515,""
LUSC,TumorPurity,-0.0964596050462232,0.0305390976708767,503,*
PRAD,TumorPurity,0.0224505435651911,0.617565384279878,497,""
UCEC,TumorPurity,-0.00399416222204013,0.926769925410122,532,""
BLCA,TumorPurity,-0.0195582708224012,0.693667180772727,408,""
TGCT,TumorPurity,0.0836645247216314,0.299089834607253,156,""
ESCA,TumorPurity,-0.0956768341376968,0.196376121257536,184,""
PAAD,TumorPurity,-0.0421594931170691,0.576323127567352,178,""
KIRP,TumorPurity,-0.0387538172667028,0.510221616786246,291,""
LIHC,TumorPurity,0.0287376596315601,0.581104223699802,371,""
CESC,TumorPurity,0.0247561630539139,0.666731211628527,305,""
SARC,TumorPurity,0.003376831029804,0.956869642502189,259,""
BRCA,TumorPurity,0.0364912965594937,0.227181079296243,1097,""
THYM,TumorPurity,-0.108257377131313,0.239215465723326,120,""
MESO,TumorPurity,0.0217225875027044,0.841709121494932,87,""
COAD,TumorPurity,0.0319610867146113,0.497902536846704,452,""
STAD,TumorPurity,0.0409781192406579,0.405059290758291,415,""
CHOL,TumorPurity,0.119032038761101,0.489281772969614,36,""
KIRC,TumorPurity,-0.0172090475544011,0.691535794450358,534,""
THCA,TumorPurity,-0.102580958963251,0.0211333888745479,505,*
HNSC,TumorPurity,-0.0806529858385392,0.0661007535018597,520,""
LAML,TumorPurity,0.00203620522641143,0.978788371177157,173,""
READ,TumorPurity,-0.067817855269019,0.394163555128843,160,""
SKCM,TumorPurity,0.0380377158058615,0.702856433999125,103,""
LGG,TumorPurity,0.00518570183571124,0.90645464155074,516,""
DLBC,TumorPurity,-0.250432724777266,0.0860176272364494,48,""
KICH,TumorPurity,0.016233064673243,0.897067433709361,66,""
UCS,TumorPurity,0.0206027069230959,0.879094632554529,57,""
ACC,TumorPurity,-0.00904623105248463,0.936933459107156,79,""
PCPG,TumorPurity,0.0876958726920599,0.239115645927473,182,""
UVM,TumorPurity,0.213957926446935,0.0566877364962079,80,""
