cancer_type,signature,rho,p,sig
GBM,CD_8_T_effector,-0.089739757803569,0.265243052612641,""
OV,CD_8_T_effector,-0.077806607937243,0.176752425976393,""
LUAD,CD_8_T_effector,-0.0507006583079583,0.250752309825967,""
LUSC,CD_8_T_effector,0.00385694320634637,0.931238013607226,""
PRAD,CD_8_T_effector,-0.113900004269228,0.0110501157075486,*
UCEC,CD_8_T_effector,-0.202098754062357,2.61384086516023e-06,***
BLCA,CD_8_T_effector,-0.329988244034288,8.06181602348422e-12,***
TGCT,CD_8_T_effector,-0.471797692146993,5.06301817956461e-10,***
ESCA,CD_8_T_effector,0.0992537421434234,0.180089150003048,""
PAAD,CD_8_T_effector,0.222571189621602,0.00282562715836587,**
KIRP,CD_8_T_effector,0.171852164598692,0.00327291508843646,**
LIHC,CD_8_T_effector,-0.0158447497447096,0.760990258556367,""
CESC,CD_8_T_effector,0.0783489885537478,0.172320119833516,""
SARC,CD_8_T_effector,-0.0614993814542734,0.324189534312217,""
BRCA,CD_8_T_effector,-0.0745448514135163,0.0135256194553871,*
THYM,CD_8_T_effector,-0.168264252526966,0.0661994444258507,""
MESO,CD_8_T_effector,0.190480765653943,0.0771935197141822,""
COAD,CD_8_T_effector,-0.0669648306118286,0.155216364696523,""
STAD,CD_8_T_effector,-0.0505763906557053,0.304011139892788,""
CHOL,CD_8_T_effector,0.16199392523255,0.345212595625539,""
KIRC,CD_8_T_effector,-0.12570521631539,0.00361898756968433,**
THCA,CD_8_T_effector,-0.0446308436087811,0.316842805815131,""
HNSC,CD_8_T_effector,-0.0884052951562263,0.0438997991839319,*
LAML,CD_8_T_effector,0.0379147223388789,0.620421432211333,""
READ,CD_8_T_effector,0.108830141073264,0.170723317742322,""
SKCM,CD_8_T_effector,-0.0301234038338818,0.762608877332931,""
LGG,CD_8_T_effector,-0.0691536209008857,0.116662541927604,""
DLBC,CD_8_T_effector,0.165734019956322,0.260259246730309,""
KICH,CD_8_T_effector,-0.042982841428855,0.731838636270925,""
UCS,CD_8_T_effector,-0.0712600307814212,0.598365355522313,""
ACC,CD_8_T_effector,0.50731873277226,1.82827355742723e-06,***
PCPG,CD_8_T_effector,-0.0650624982737388,0.382871030664069,""
UVM,CD_8_T_effector,0.287624889650141,0.00968097363956588,**
GBM,Antigen_processing_machinery,-0.163553180915748,0.0413395786838718,*
OV,Antigen_processing_machinery,-0.168171024464835,0.00332286297179875,**
LUAD,Antigen_processing_machinery,-0.0980173242289089,0.0261268896589725,*
LUSC,Antigen_processing_machinery,0.121034939427756,0.0065722497808611,**
PRAD,Antigen_processing_machinery,-0.209118100241439,2.57217289353765e-06,***
UCEC,Antigen_processing_machinery,0.0459230149608509,0.29038085711897,""
BLCA,Antigen_processing_machinery,-0.340033517917317,1.68079794050257e-12,***
TGCT,Antigen_processing_machinery,-0.141743124780372,0.0775544221159175,""
ESCA,Antigen_processing_machinery,0.12586096014075,0.0886798678322043,""
PAAD,Antigen_processing_machinery,-0.00707341366974328,0.925341583934192,""
KIRP,Antigen_processing_machinery,-0.019581107382675,0.739418963023065,""
LIHC,Antigen_processing_machinery,0.0419096986647051,0.420896169272277,""
CESC,Antigen_processing_machinery,0.0955996252381956,0.0956060656287053,""
SARC,Antigen_processing_machinery,-0.18756975137483,0.0024374909249264,**
BRCA,Antigen_processing_machinery,-0.131150651889957,1.31423013290491e-05,***
THYM,Antigen_processing_machinery,-0.344915303124589,0.000114369913752948,***
MESO,Antigen_processing_machinery,-0.0400292719383931,0.71278711227914,""
COAD,Antigen_processing_machinery,0.020024492263605,0.671135380782092,""
STAD,Antigen_processing_machinery,-0.0262071749133381,0.594475381970202,""
CHOL,Antigen_processing_machinery,-0.00804937056777166,0.962838049295933,""
KIRC,Antigen_processing_machinery,-0.118614305523509,0.00606470406685475,**
THCA,Antigen_processing_machinery,-0.202449396295907,4.52293431213949e-06,***
HNSC,Antigen_processing_machinery,0.0289926284469827,0.509458363872387,""
LAML,Antigen_processing_machinery,-0.289207476326224,0.000113781367044964,***
READ,Antigen_processing_machinery,0.0780078224741213,0.326845321464914,""
SKCM,Antigen_processing_machinery,0.00119010526341635,0.990480787840954,""
LGG,Antigen_processing_machinery,0.116240128464418,0.00821678971229058,**
DLBC,Antigen_processing_machinery,0.0500634780247632,0.735424159125786,""
KICH,Antigen_processing_machinery,-0.268887902868475,0.0290287593982213,*
UCS,Antigen_processing_machinery,0.0130868547843815,0.923029186803319,""
ACC,Antigen_processing_machinery,0.0602426240109663,0.59792075920402,""
PCPG,Antigen_processing_machinery,-0.089422222801588,0.229958229577488,""
UVM,Antigen_processing_machinery,0.2263089020561,0.0435307461695824,*
GBM,Immune_Checkpoint,-0.19126957684053,0.016762819247908,*
OV,Immune_Checkpoint,-0.0706113522364475,0.220358866764202,""
LUAD,Immune_Checkpoint,-0.0587923688877595,0.182820214110639,""
LUSC,Immune_Checkpoint,-0.00173693104841032,0.969003273445327,""
PRAD,Immune_Checkpoint,-0.0957688244545321,0.0327974318565567,*
UCEC,Immune_Checkpoint,-0.235480469550956,3.88316947595903e-08,***
BLCA,Immune_Checkpoint,-0.351893048158874,2.45096607143926e-13,***
TGCT,Immune_Checkpoint,-0.494149194022329,5.53922148337914e-11,***
ESCA,Immune_Checkpoint,0.140201771258382,0.0576677095338622,""
PAAD,Immune_Checkpoint,0.228239963851693,0.00218255482069978,**
KIRP,Immune_Checkpoint,-0.013657755843714,0.816544297633795,""
LIHC,Immune_Checkpoint,-0.0163202712996445,0.754044609875517,""
CESC,Immune_Checkpoint,0.0247136865373382,0.66726880086076,""
SARC,Immune_Checkpoint,-0.130802596885079,0.035384220918649,*
BRCA,Immune_Checkpoint,-0.101747228195695,0.000738455272872321,***
THYM,Immune_Checkpoint,-0.352350567049767,7.92186810541504e-05,***
MESO,Immune_Checkpoint,0.246438084154039,0.0213924878864919,*
COAD,Immune_Checkpoint,0.0653810787258933,0.165241548360835,""
STAD,Immune_Checkpoint,-0.0454064691571175,0.356170834708501,""
CHOL,Immune_Checkpoint,0.090082750217544,0.601332148388123,""
KIRC,Immune_Checkpoint,-0.265692048622905,4.43766324480097e-10,***
THCA,Immune_Checkpoint,-0.216548506914468,8.98426051818276e-07,***
HNSC,Immune_Checkpoint,-0.0742399122290949,0.0908003625674302,""
LAML,Immune_Checkpoint,-0.11393921847493,0.135532183077391,""
READ,Immune_Checkpoint,0.250379444331868,0.00140673596879342,**
SKCM,Immune_Checkpoint,-0.003095873755676,0.975240586914989,""
LGG,Immune_Checkpoint,0.00972531504271048,0.825570439367713,""
DLBC,Immune_Checkpoint,0.105764264717624,0.474330089475166,""
KICH,Immune_Checkpoint,-0.331073834978445,0.00662155682464723,**
UCS,Immune_Checkpoint,-0.143665912205113,0.286348367446317,""
ACC,Immune_Checkpoint,0.43392834440718,6.46492878783872e-05,***
PCPG,Immune_Checkpoint,-0.0492510196142449,0.509089863122522,""
UVM,Immune_Checkpoint,0.307379944322006,0.00554557795986091,**
GBM,Mismatch_Repair,0.0179856857896728,0.823650314514764,""
OV,Mismatch_Repair,-0.0588284361926473,0.307409821217707,""
LUAD,Mismatch_Repair,-0.144472307133214,0.0010093889910476,**
LUSC,Mismatch_Repair,-0.126292904103366,0.00455718474211108,**
PRAD,Mismatch_Repair,0.194797855140719,1.22125711162773e-05,***
UCEC,Mismatch_Repair,-0.0914952039098644,0.0348745982866228,*
BLCA,Mismatch_Repair,0.0773449749263151,0.118798615670295,""
TGCT,Mismatch_Repair,-0.275964751946279,0.000488393460204281,***
ESCA,Mismatch_Repair,-0.130844777032588,0.0766624253214788,""
PAAD,Mismatch_Repair,-0.107798121005793,0.152072071195614,""
KIRP,Mismatch_Repair,0.0840220702838411,0.152811949554005,""
LIHC,Mismatch_Repair,0.0353912229314481,0.49676050507433,""
CESC,Mismatch_Repair,0.0678283293654376,0.237575911296717,""
SARC,Mismatch_Repair,0.0998711138804158,0.108821990000301,""
BRCA,Mismatch_Repair,-0.205218115642623,6.76923494653097e-12,***
THYM,Mismatch_Repair,0.0529284260087388,0.565875925178357,""
MESO,Mismatch_Repair,0.230735964295897,0.0315443748442253,*
COAD,Mismatch_Repair,-0.14890201737785,0.00150017418848748,**
STAD,Mismatch_Repair,-0.243820195242384,4.95375694151033e-07,***
CHOL,Mismatch_Repair,-0.31046147455426,0.0653490409592715,""
KIRC,Mismatch_Repair,-0.143679477132909,0.000869333505898208,***
THCA,Mismatch_Repair,-0.0815862092404297,0.0669613142124781,""
HNSC,Mismatch_Repair,-0.0686421446698109,0.117968122739266,""
LAML,Mismatch_Repair,0.2111472867573,0.00529387242963231,**
READ,Mismatch_Repair,-0.167168301986002,0.0346143101270228,*
SKCM,Mismatch_Repair,-0.302758993293725,0.00188061596784778,**
LGG,Mismatch_Repair,-0.223830978206425,2.78483156945011e-07,***
DLBC,Mismatch_Repair,-0.269916749189389,0.0635467824840609,""
KICH,Mismatch_Repair,0.121000323174414,0.333148688238969,""
UCS,Mismatch_Repair,0.100075669841828,0.458888635631353,""
ACC,Mismatch_Repair,-0.028567363628263,0.80265222506441,""
PCPG,Mismatch_Repair,0.163269502888176,0.0276477282791812,*
UVM,Mismatch_Repair,-0.416345094326589,0.000122412149524015,***
GBM,Nucleotide_excision_repair,0.0771624345303631,0.338347320185406,""
OV,Nucleotide_excision_repair,-0.0369576745184555,0.521601725384873,""
LUAD,Nucleotide_excision_repair,0.00657997050725749,0.881583565924399,""
LUSC,Nucleotide_excision_repair,0.000773598439600492,0.986191828234362,""
PRAD,Nucleotide_excision_repair,0.141593678463018,0.00155281340118997,**
UCEC,Nucleotide_excision_repair,0.0579583545573694,0.181943609852075,""
BLCA,Nucleotide_excision_repair,0.0532170805473611,0.283542904247368,""
TGCT,Nucleotide_excision_repair,0.292020528838493,0.000216485102064924,***
ESCA,Nucleotide_excision_repair,0.0256917883516687,0.729205515850441,""
PAAD,Nucleotide_excision_repair,0.0895401035081479,0.234602359327231,""
KIRP,Nucleotide_excision_repair,-0.276423271000074,1.67812557084554e-06,***
LIHC,Nucleotide_excision_repair,-0.230731726538377,7.12443264474758e-06,***
CESC,Nucleotide_excision_repair,0.0670005637335402,0.243363353552904,""
SARC,Nucleotide_excision_repair,-0.0497747257800418,0.425063004882606,""
BRCA,Nucleotide_excision_repair,0.0874527791617232,0.00374622782208698,**
THYM,Nucleotide_excision_repair,-0.294954821744215,0.00107424979537622,**
MESO,Nucleotide_excision_repair,-0.20997242682725,0.0509400125932879,""
COAD,Nucleotide_excision_repair,0.0280311624900279,0.552233035177901,""
STAD,Nucleotide_excision_repair,-0.092249369853558,0.0604359627353391,""
CHOL,Nucleotide_excision_repair,0.110676596370079,0.520481985806882,""
KIRC,Nucleotide_excision_repair,0.0924573163806105,0.0326700496665002,*
THCA,Nucleotide_excision_repair,-0.140973351967785,0.00149317735812854,**
HNSC,Nucleotide_excision_repair,-0.0987919819300429,0.024265706601897,*
LAML,Nucleotide_excision_repair,0.0110970970559866,0.884785215824555,""
READ,Nucleotide_excision_repair,-0.00121557325012886,0.987828450078844,""
SKCM,Nucleotide_excision_repair,-0.188912597120019,0.0559916459382477,""
LGG,Nucleotide_excision_repair,0.163322553236748,0.000194522899494906,***
DLBC,Nucleotide_excision_repair,-0.417077537025643,0.00318682353133151,**
KICH,Nucleotide_excision_repair,0.0807069068120335,0.519451868562998,""
UCS,Nucleotide_excision_repair,-0.0921813850399055,0.495245369245445,""
ACC,Nucleotide_excision_repair,-0.245414027644407,0.0292593001854989,*
PCPG,Nucleotide_excision_repair,0.0466379997232416,0.531848778547016,""
UVM,Nucleotide_excision_repair,-0.408411850505551,0.000169334047715708,***
GBM,DNA_damage_response,-0.00615408738239009,0.93922254145373,""
OV,DNA_damage_response,0.0556118099700244,0.33465770152271,""
LUAD,DNA_damage_response,-0.0497785811741651,0.259484671759403,""
LUSC,DNA_damage_response,-0.0871794496273939,0.0506907551848249,""
PRAD,DNA_damage_response,0.180117465024938,5.38142629232714e-05,***
UCEC,DNA_damage_response,-0.155296164274354,0.000323974195829115,***
BLCA,DNA_damage_response,-0.170894887600983,0.000526588618803332,***
TGCT,DNA_damage_response,-0.624019036252457,3.24564861829231e-18,***
ESCA,DNA_damage_response,-0.0824850720119114,0.265641854501278,""
PAAD,DNA_damage_response,-0.0186406709939648,0.804933848401838,""
KIRP,DNA_damage_response,0.0785597815380671,0.181409483084587,""
LIHC,DNA_damage_response,-0.219806431016817,1.93866064914814e-05,***
CESC,DNA_damage_response,0.0113916304884903,0.842938809692986,""
SARC,DNA_damage_response,-0.123049900661679,0.047900953128327,*
BRCA,DNA_damage_response,-0.220933616261641,1.3532886891983e-13,***
THYM,DNA_damage_response,-0.167545486223875,0.0673830781393766,""
MESO,DNA_damage_response,0.146875352309247,0.174615353408225,""
COAD,DNA_damage_response,-0.110560512656664,0.0187103387673898,*
STAD,DNA_damage_response,-0.264460086491661,4.5288619612023e-08,***
CHOL,DNA_damage_response,-0.152586489644918,0.374311084456324,""
KIRC,DNA_damage_response,-0.258176472566171,1.403954248246e-09,***
THCA,DNA_damage_response,-0.134004087986058,0.00254847721516177,**
HNSC,DNA_damage_response,-0.0162889302303492,0.710953762287772,""
LAML,DNA_damage_response,0.0627487495472353,0.412127025060143,""
READ,DNA_damage_response,-0.097804090466155,0.218552272365516,""
SKCM,DNA_damage_response,-0.383218670354478,6.45783508061828e-05,***
LGG,DNA_damage_response,-0.125419715716357,0.00432604568250652,**
DLBC,DNA_damage_response,0.0735657948306044,0.619246870302063,""
KICH,DNA_damage_response,-0.149519112013448,0.23082370884276,""
UCS,DNA_damage_response,-0.0131580264493871,0.922611863533571,""
ACC,DNA_damage_response,-0.364649872812938,0.000953274776680867,***
PCPG,DNA_damage_response,0.319415734969547,1.10694045245538e-05,***
UVM,DNA_damage_response,-0.53617821732159,2.96171500205716e-07,***
GBM,DNA_replication,-0.0294086793866098,0.715530213806793,""
OV,DNA_replication,0.00549043649614293,0.924174121099534,""
LUAD,DNA_replication,-0.126766618087024,0.00395869281419229,**
LUSC,DNA_replication,-0.199263140450757,6.69617284551575e-06,***
PRAD,DNA_replication,0.233362397253773,1.4234897736224e-07,***
UCEC,DNA_replication,-0.200199376348836,3.25621194487192e-06,***
BLCA,DNA_replication,-0.193196601156034,8.58440444365873e-05,***
TGCT,DNA_replication,-0.212992821490699,0.00759442718819611,**
ESCA,DNA_replication,-0.181572298835656,0.0136356453998104,*
PAAD,DNA_replication,-0.270012550243769,0.000267417431272276,***
KIRP,DNA_replication,-0.0041858680834118,0.943319331095007,""
LIHC,DNA_replication,-0.256150187244374,5.70846325354515e-07,***
CESC,DNA_replication,-0.0334760131654613,0.560299889158206,""
SARC,DNA_replication,-0.245968541269809,6.30804194632215e-05,***
BRCA,DNA_replication,-0.232119932179477,6.92419654017322e-15,***
THYM,DNA_replication,-0.416985530712145,2.16182737813998e-06,***
MESO,DNA_replication,0.367603065030078,0.000460627063555063,***
COAD,DNA_replication,-0.06066461606384,0.197968131780009,""
STAD,DNA_replication,-0.336270209176753,1.98397198963007e-12,***
CHOL,DNA_replication,-0.456763889005765,0.00510477276340348,**
KIRC,DNA_replication,-0.308107998409935,3.31153561572408e-13,***
THCA,DNA_replication,-0.327439813585544,4.38064130152079e-14,***
HNSC,DNA_replication,-0.108520107527166,0.0132863559052734,*
LAML,DNA_replication,0.016797168253899,0.826380479931561,""
READ,DNA_replication,0.110379344797492,0.164679866040674,""
SKCM,DNA_replication,-0.147197702371016,0.137873451799222,""
LGG,DNA_replication,-0.223539015760847,2.88851473939773e-07,***
DLBC,DNA_replication,-0.188970217716578,0.198324723241056,""
KICH,DNA_replication,-0.0757333259978071,0.545595118211659,""
UCS,DNA_replication,-0.0294208092014254,0.828014934433545,""
ACC,DNA_replication,-0.146943894352135,0.196261632150495,""
PCPG,DNA_replication,0.0281888347649367,0.705621449893363,""
UVM,DNA_replication,-0.11857347575525,0.294840046797925,""
GBM,Base_excision_repair,0.0311424231376583,0.699545481928613,""
OV,Base_excision_repair,-0.0642856630460413,0.264617861266089,""
LUAD,Base_excision_repair,-0.145375053687371,0.000937430607730448,***
LUSC,Base_excision_repair,-0.184721974976997,3.06609682167973e-05,***
PRAD,Base_excision_repair,0.298872201363097,1.0302237965123e-11,***
UCEC,Base_excision_repair,-0.0177143426739491,0.68352737396281,""
BLCA,Base_excision_repair,0.123493316655542,0.0125478017190905,*
TGCT,Base_excision_repair,-0.310850898825222,7.82810267878524e-05,***
ESCA,Base_excision_repair,-0.290534702429638,6.31308233285132e-05,***
PAAD,Base_excision_repair,-0.346595427260054,2.14438518767445e-06,***
KIRP,Base_excision_repair,-0.28750888665442,6.06423613743972e-07,***
LIHC,Base_excision_repair,-0.366537012991,3.06542529135591e-13,***
CESC,Base_excision_repair,-0.0131863295400451,0.818594000294761,""
SARC,Base_excision_repair,-0.18434202850272,0.00290214765676188,**
BRCA,Base_excision_repair,-0.0930520967921752,0.00203442851761481,**
THYM,Base_excision_repair,-0.457301691770877,1.51524569448013e-07,***
MESO,Base_excision_repair,0.0721802590399616,0.506445661692714,""
COAD,Base_excision_repair,-0.0780626982343293,0.0974042147587417,""
STAD,Base_excision_repair,-0.33957427935494,1.16781399740427e-12,***
CHOL,Base_excision_repair,-0.26277240272856,0.121539323592854,""
KIRC,Base_excision_repair,-0.116995640377036,0.00679859744672153,**
THCA,Base_excision_repair,-0.208467855688705,2.29962011840696e-06,***
HNSC,Base_excision_repair,-0.144402730876197,0.000958994968196562,***
LAML,Base_excision_repair,0.0932865472389502,0.222176252793541,""
READ,Base_excision_repair,0.00149905567387002,0.984990237390722,""
SKCM,Base_excision_repair,0.0146282266410266,0.883403332007107,""
LGG,Base_excision_repair,-0.0365496515499145,0.407380698891265,""
DLBC,Base_excision_repair,-0.273479440456047,0.0599981343622803,""
KICH,Base_excision_repair,-0.0863024190516498,0.490813688827174,""
UCS,Base_excision_repair,0.0323404033484959,0.81124690679572,""
ACC,Base_excision_repair,0.00621090776071842,0.956676740831871,""
PCPG,Base_excision_repair,-0.0922769372839215,0.215363279457761,""
UVM,Base_excision_repair,0.0816954955815319,0.471271378728463,""
GBM,Pan_F_TBRs,-0.119559588616265,0.137113429234171,""
OV,Pan_F_TBRs,0.2381168491226,2.8125113461976e-05,***
LUAD,Pan_F_TBRs,0.127468466762668,0.00376127074823445,**
LUSC,Pan_F_TBRs,0.140298162824559,0.00160858178867504,**
PRAD,Pan_F_TBRs,-0.157598014712841,0.000420890270419647,***
UCEC,Pan_F_TBRs,0.126144806002482,0.00356428031593878,**
BLCA,Pan_F_TBRs,-0.213452541941893,1.37060027452952e-05,***
TGCT,Pan_F_TBRs,0.718197611795994,4.95477748191407e-26,***
ESCA,Pan_F_TBRs,0.215375258392828,0.00332345672571799,**
PAAD,Pan_F_TBRs,0.25480433897532,0.000598273614087837,***
KIRP,Pan_F_TBRs,0.320861175129105,2.16031120978888e-08,***
LIHC,Pan_F_TBRs,0.514194341453326,1.99369957527216e-26,***
CESC,Pan_F_TBRs,0.109531381361561,0.0560326582856106,""
SARC,Pan_F_TBRs,0.0675200803646477,0.278980348667791,""
BRCA,Pan_F_TBRs,0.227409293743557,2.46823925262022e-14,***
THYM,Pan_F_TBRs,0.365823939855223,3.97700568896539e-05,***
MESO,Pan_F_TBRs,0.380804323796896,0.000274084644014182,***
COAD,Pan_F_TBRs,0.157995283071679,0.000749174916441891,***
STAD,Pan_F_TBRs,0.316653380590287,3.16489591489011e-10,***
CHOL,Pan_F_TBRs,0.475666106762923,0.00336713924724741,**
KIRC,Pan_F_TBRs,0.218079141869962,3.59885878965383e-07,***
THCA,Pan_F_TBRs,0.0286530196738152,0.520592193147874,""
HNSC,Pan_F_TBRs,0.220375759631256,3.85908892744262e-07,***
LAML,Pan_F_TBRs,,,""
READ,Pan_F_TBRs,0.170439675543842,0.0311776111838478,*
SKCM,Pan_F_TBRs,0.415822791351244,1.25308091087447e-05,***
LGG,Pan_F_TBRs,-0.0877332959233862,0.0463791245135132,*
DLBC,Pan_F_TBRs,0.0305548252200719,0.836667491942773,""
KICH,Pan_F_TBRs,-0.0656190947307925,0.600646392770704,""
UCS,Pan_F_TBRs,0.0777213263272427,0.565525619228757,""
ACC,Pan_F_TBRs,0.366255964596415,0.000901411615327164,***
PCPG,Pan_F_TBRs,-0.208455263882348,0.00474388603294011,**
UVM,Pan_F_TBRs,0.681738867219851,3.37272134947176e-12,***
GBM,EMT1,0.0195239781491063,0.808845045961014,""
OV,EMT1,0.228852320833508,5.8042991776773e-05,***
LUAD,EMT1,0.081286680197453,0.0652914736968638,""
LUSC,EMT1,0.0917149317551835,0.0397662109059122,*
PRAD,EMT1,-0.18056295897056,5.15320367469197e-05,***
UCEC,EMT1,0.0564116056339286,0.193904500125693,""
BLCA,EMT1,-0.345693450412277,6.77428650964204e-13,***
TGCT,EMT1,0.372481755128605,1.68174654639211e-06,***
ESCA,EMT1,0.238822864885957,0.00109522652452148,**
PAAD,EMT1,0.228151899326215,0.00219143212658283,**
KIRP,EMT1,0.0220297492675643,0.708235188706496,""
LIHC,EMT1,0.35636554454662,1.49964626563985e-12,***
CESC,EMT1,0.063197377832295,0.271217534198608,""
SARC,EMT1,0.0275819506416619,0.658614786070566,""
BRCA,EMT1,0.154393355830207,2.76686925644864e-07,***
THYM,EMT1,0.541650229010248,1.67812908091157e-10,***
MESO,EMT1,0.411136828929813,7.62847143183066e-05,***
COAD,EMT1,0.151416404640859,0.00124276529045886,**
STAD,EMT1,0.346500935073521,3.76617381878753e-13,***
CHOL,EMT1,0.283336309733685,0.0940256271507844,""
KIRC,EMT1,0.175201496927104,4.6877488901375e-05,***
THCA,EMT1,0.524676407392821,4.57959081803954e-37,***
HNSC,EMT1,0.206739814347373,1.98930339331264e-06,***
LAML,EMT1,0.0388799646925857,0.611543910614232,""
READ,EMT1,0.1727859018846,0.0288953029294926,*
SKCM,EMT1,0.0224847054999471,0.821638251168385,""
LGG,EMT1,0.0265078552465949,0.547981203766078,""
DLBC,EMT1,0.303515072725983,0.0359814375569273,*
KICH,EMT1,-0.220023305904483,0.0758734097995125,""
UCS,EMT1,0.12026067964181,0.372890029875931,""
ACC,EMT1,0.0885611839763174,0.437672677556799,""
PCPG,EMT1,-0.054906473876958,0.461620655119294,""
UVM,EMT1,0.352661839580299,0.00133471783274729,**
GBM,EMT2,-0.0556065037158704,0.490525656410225,""
OV,EMT2,-0.121332804954815,0.0347634283617336,*
LUAD,EMT2,-0.0248226509653297,0.574093262228336,""
LUSC,EMT2,0.0914036103724524,0.040446450583715,*
PRAD,EMT2,-0.178899136580432,6.05530670282154e-05,***
UCEC,EMT2,0.038834520622488,0.371346804916288,""
BLCA,EMT2,0.205536724805146,2.86862981776757e-05,***
TGCT,EMT2,0.795954627616307,2.16119032695965e-35,***
ESCA,EMT2,0.0813549887085967,0.272268612635932,""
PAAD,EMT2,-0.0987215315891789,0.189845919330055,""
KIRP,EMT2,0.257423471034772,8.68367870229724e-06,***
LIHC,EMT2,-0.00164721634462452,0.974774628115603,""
CESC,EMT2,0.112533770831067,0.0495893619187851,*
SARC,EMT2,0.122710829582941,0.0485236796503435,*
BRCA,EMT2,-0.0590618152650481,0.0505048687946996,""
THYM,EMT2,0.340375377076597,0.000142478883152294,***
MESO,EMT2,-0.014565885039651,0.893478842378312,""
COAD,EMT2,-0.225714565783175,1.24602566476173e-06,***
STAD,EMT2,-0.106493201761876,0.0387588438996583,*
CHOL,EMT2,0.0162300728050504,0.925149058306978,""
KIRC,EMT2,-0.0837600076737636,0.053060554325605,""
THCA,EMT2,-0.374102416820519,3.20032545410224e-18,***
HNSC,EMT2,-0.0227191123188737,0.605229152339276,""
LAML,EMT2,,,""
READ,EMT2,-0.0820108068605615,0.302555874901215,""
SKCM,EMT2,0.104402419237562,0.293943973191662,""
LGG,EMT2,-0.0536709061301753,0.223570251470704,""
DLBC,EMT2,0.192772479163373,0.189279459164129,""
KICH,EMT2,0.210241464471726,0.0901949428301187,""
UCS,EMT2,0.220351159321877,0.0995432274206798,""
ACC,EMT2,-0.039012674222862,0.732836146018512,""
PCPG,EMT2,-0.0682072109819504,0.360248489635399,""
UVM,EMT2,0.125593599184034,0.266970687864167,""
GBM,EMT3,-0.174544542286824,0.029310515898919,*
OV,EMT3,0.174306163807275,0.00232733436456304,**
LUAD,EMT3,0.0550938214732022,0.211962258998893,""
LUSC,EMT3,0.0602481388307394,0.177308429740109,""
PRAD,EMT3,-0.230800051695004,1.96317823811763e-07,***
UCEC,EMT3,-0.0362674378791191,0.403819041097605,""
BLCA,EMT3,-0.26853802645983,3.60727320063826e-08,***
TGCT,EMT3,0.252041915985473,0.00150308059779086,**
ESCA,EMT3,0.151060921538312,0.0406691709507967,*
PAAD,EMT3,0.129410910823051,0.0851347658885467,""
KIRP,EMT3,0.159374108470639,0.00644082059159537,**
LIHC,EMT3,0.364228013956181,4.4173929291851e-13,***
CESC,EMT3,0.104574764662614,0.0681786342339103,""
SARC,EMT3,-0.0504888450015654,0.418442108289978,""
BRCA,EMT3,0.0396074452449315,0.189906215588544,""
THYM,EMT3,0.0586421844624326,0.524635046513955,""
MESO,EMT3,0.221006478126566,0.0396759362071069,*
COAD,EMT3,0.165913633769862,0.000396827312945802,***
STAD,EMT3,0.176529535103784,0.000301796978562787,***
CHOL,EMT3,0.285840393455849,0.091031558424744,""
KIRC,EMT3,-0.0615925411424701,0.155223188633143,""
THCA,EMT3,-0.219082104125779,6.64093526265367e-07,***
HNSC,EMT3,0.201953400579351,3.44921078150979e-06,***
LAML,EMT3,-0.00237805441137261,0.975228300604614,""
READ,EMT3,0.238693805041022,0.00236851332583394,**
SKCM,EMT3,0.307036753970099,0.00160708292307891,**
LGG,EMT3,-0.146264430340361,0.000861098403733753,***
DLBC,EMT3,0.0168516857423661,0.909489602939548,""
KICH,EMT3,-0.292184956410224,0.0172858672518439,*
UCS,EMT3,-0.0321756168707196,0.81219115667557,""
ACC,EMT3,0.451269383602048,2.9929843389003e-05,***
PCPG,EMT3,-0.251430089363662,0.000617576051752124,***
UVM,EMT3,0.496273965087257,2.84774582759733e-06,***
GBM,TMEscore_A,-0.110023951644422,0.171530822387964,""
OV,TMEscore_A,-0.0800208287255355,0.164715450220392,""
LUAD,TMEscore_A,-0.0540700522232904,0.220590524145653,""
LUSC,TMEscore_A,0.000617421548855865,0.988979273492958,""
PRAD,TMEscore_A,-0.114473148229889,0.0106498969069722,*
UCEC,TMEscore_A,-0.203292857809636,2.27413719623982e-06,***
BLCA,TMEscore_A,-0.332674587393312,5.3304144873591e-12,***
TGCT,TMEscore_A,-0.485717271919464,1.30055845530616e-10,***
ESCA,TMEscore_A,0.0997722501081847,0.177813325365359,""
PAAD,TMEscore_A,0.226209774525958,0.00239573865276468,**
KIRP,TMEscore_A,0.157928882672863,0.00694582584768447,**
LIHC,TMEscore_A,-0.0164707009276262,0.751851466968542,""
CESC,TMEscore_A,0.0623141767374024,0.277985272161513,""
SARC,TMEscore_A,-0.0521869503061893,0.402942777787056,""
BRCA,TMEscore_A,-0.0795529206754091,0.00838782886764626,**
THYM,TMEscore_A,-0.236826944380628,0.0092058415892975,**
MESO,TMEscore_A,0.214880894209716,0.045640885276099,*
COAD,TMEscore_A,-0.0492254289816867,0.296354822704626,""
STAD,TMEscore_A,-0.0625450110448397,0.203536305326788,""
CHOL,TMEscore_A,0.170585357675949,0.319879304413211,""
KIRC,TMEscore_A,-0.153768059276277,0.000362133598284358,***
THCA,TMEscore_A,-0.0801644992941744,0.0718754012624998,""
HNSC,TMEscore_A,-0.0923726413693675,0.03521692275954,*
LAML,TMEscore_A,0.0283094298761541,0.711585806259681,""
READ,TMEscore_A,0.136295133455461,0.0857011611620556,""
SKCM,TMEscore_A,-0.0456201216142798,0.647253102431979,""
LGG,TMEscore_A,-0.052021638272746,0.238144433577269,""
DLBC,TMEscore_A,0.161175900670769,0.273780066970461,""
KICH,TMEscore_A,-0.168954783022051,0.175054127757282,""
UCS,TMEscore_A,-0.126280853783544,0.349256831365469,""
ACC,TMEscore_A,0.489907872046531,4.59527617951667e-06,***
PCPG,TMEscore_A,-0.0538418700908556,0.470364710683472,""
UVM,TMEscore_A,0.284166958717425,0.0106321704568728,*
GBM,TMEscore_B,-0.0974529763753265,0.226171050559784,""
OV,TMEscore_B,0.231703554515281,4.6587120054446e-05,***
LUAD,TMEscore_B,0.112867373942235,0.0103670484009927,*
LUSC,TMEscore_B,0.116169991953294,0.00911331629401517,**
PRAD,TMEscore_B,-0.152783613996026,0.000631783357446507,***
UCEC,TMEscore_B,0.110438423805335,0.0108005637116086,*
BLCA,TMEscore_B,-0.172897372803167,0.00045132603019156,***
TGCT,TMEscore_B,0.653421733294435,2.3381006973962e-20,***
ESCA,TMEscore_B,0.240914084097475,0.000986653865135069,***
PAAD,TMEscore_B,0.313823476263001,1.99281326729522e-05,***
KIRP,TMEscore_B,0.313606331761426,4.62429352586179e-08,***
LIHC,TMEscore_B,0.532903212878612,1.32318015492502e-28,***
CESC,TMEscore_B,0.0949855115087314,0.0977653976515036,""
SARC,TMEscore_B,-0.0242964637999059,0.697142478579189,""
BRCA,TMEscore_B,0.225804000919761,3.78197563886175e-14,***
THYM,TMEscore_B,0.419562938082962,1.8424608795963e-06,***
MESO,TMEscore_B,0.335983355976195,0.00146492241945709,**
COAD,TMEscore_B,0.170098310053157,0.000280325651213152,***
STAD,TMEscore_B,0.351090702177427,2.23469822163656e-12,***
CHOL,TMEscore_B,0.518964366364548,0.00118276954683786,**
KIRC,TMEscore_B,0.217410097391011,3.91510618514999e-07,***
THCA,TMEscore_B,0.00266770863083565,0.95231425405093,""
HNSC,TMEscore_B,0.253283508600485,4.6950495441254e-09,***
LAML,TMEscore_B,,,""
READ,TMEscore_B,0.17893841610819,0.0235760020340472,*
SKCM,TMEscore_B,0.408580953793259,1.83076733762035e-05,***
LGG,TMEscore_B,0.00874955811612867,0.842831052765903,""
DLBC,TMEscore_B,-0.0523028720078532,0.724047285466966,""
KICH,TMEscore_B,-0.0410755366726147,0.743318773551682,""
UCS,TMEscore_B,0.152647109826774,0.256968014371737,""
ACC,TMEscore_B,0.421105265939654,0.000111297967914916,***
PCPG,TMEscore_B,-0.149795239679187,0.0435572042059525,*
UVM,TMEscore_B,0.679217486493856,4.34261780197429e-12,***
